2026-04-19 15:41:31 [控制] 检查并清理旧进程...
2026-04-19 15:41:33 [控制] Telegram 通知已发送
2026-04-19 15:42:12 [控制] 检查并清理旧进程...
2026-04-19 15:42:13 [控制] 清理旧进程：无旧进程
2026-04-19 15:42:15 [控制] 房源抓取任务启动
2026-04-19 15:42:16 [控制] 执行 阶段 1 抓取（总控重试 1/2）：第 1/1 次
2026-04-19 16:01:54 [控制] 检查并清理旧进程...
2026-04-19 16:01:54 [控制] 清理旧进程：无旧进程
2026-04-19 16:01:54 [控制] 清理旧锁文件
2026-04-19 16:01:56 [控制] 房源抓取任务启动
2026-04-19 16:01:58 [控制] 执行 阶段 1 抓取（总控重试 1/2）：第 1/1 次
2026-04-19 16:34:45 [控制] 检查并清理旧进程...
2026-04-19 16:34:46 [控制] 清理旧进程：无旧进程
2026-04-19 16:34:46 [控制] 清理旧锁文件
2026-04-19 16:34:48 [控制] 房源抓取任务启动
2026-04-19 16:34:49 [控制] 执行 阶段 1 抓取（总控重试 1/2）：第 1/1 次
2026-04-19 17:20:41 [控制] 阶段 1 抓取（总控重试 1/2） 返回码：0，耗时 2751.5 秒
2026-04-19 17:20:41 [控制] 执行 阶段 2 验证（总控重试 1/1）：第 1/1 次
2026-04-19 17:20:41 [控制] 执行 阶段 2 验证：第 1/1 次
2026-04-19 17:20:41 [控制] 阶段 2 验证 返回码：0，耗时 0.2 秒
2026-04-19 17:20:41 [控制] 阶段 1 抓取（总控重试 1/2） 结果校验失败：抓取结果为空
2026-04-19 17:20:41 [控制] 10 秒后重新抓取整轮数据
2026-04-19 17:20:51 [控制] 执行 阶段 1 抓取（总控重试 2/2）：第 1/1 次
2026-04-20 09:23:20 [控制] 检查并清理旧进程...
2026-04-20 09:23:20 [控制] 清理旧进程：无旧进程
2026-04-20 09:23:20 [控制] 清理旧锁文件
2026-04-20 09:23:22 [控制] 房源抓取任务启动
2026-04-20 09:23:24 [控制] 执行 阶段 1 抓取（总控重试 1/2）：第 1/1 次
2026-04-20 09:30:24 [控制] 阶段 1 抓取（总控重试 1/2） 返回码：1，耗时 420.1 秒
2026-04-20 09:30:24 [控制] 阶段 1 抓取（总控重试 1/2） 失败，10 秒后整轮重抓
2026-04-20 09:30:34 [控制] 执行 阶段 1 抓取（总控重试 2/2）：第 1/1 次
2026-04-20 09:38:41 [控制] 阶段 1 抓取（总控重试 2/2） 返回码：0，耗时 487.3 秒
2026-04-20 09:38:41 [控制] 执行 阶段 2 验证（总控重试 1/1）：第 1/1 次
2026-04-20 09:38:41 [控制] 执行 阶段 2 验证：第 1/1 次
2026-04-20 09:38:41 [控制] 阶段 2 验证 返回码：0，耗时 0.3 秒
2026-04-20 09:38:41 [控制] 阶段 1 抓取（总控重试 2/2） 结果校验失败：抓取结果为空
2026-04-20 09:38:43 [控制] Telegram 通知已发送
2026-04-20 09:49:04 [控制] 检查并清理旧进程...
2026-04-20 09:49:04 [控制] 清理旧进程：无旧进程
2026-04-20 09:49:06 [控制] 房源抓取任务启动
2026-04-20 09:49:08 [控制] 执行 阶段 1 抓取（总控重试 1/2）：第 1/1 次
2026-04-20 09:49:09 [阶段 1] ============================================================
2026-04-20 09:49:09 [阶段 1] 开始房源抓取（页面内执行同源 JS 逻辑）
2026-04-20 09:49:09 [阶段 1] 目标 URL: https://house.link.lianjia.com/search/sale/default/gdiv_mt
2026-04-20 09:49:09 [阶段 1] 价格要求：700-10000 万
2026-04-20 09:49:09 [阶段 1] 筛选规则：房源分 >= 6.0 或最近 3 天/小时内
2026-04-20 09:49:09 [阶段 1] 抓取区顺序：浦东、长宁、静安、黄浦、徐汇、普陀、闵行、虹口、杨浦、嘉定
2026-04-20 09:49:09 [阶段 1] 超时保护：整体90分钟，单区15分钟
2026-04-20 09:49:09 [阶段 1] 连接 Chrome...
2026-04-20 09:49:09 [阶段 1] 尝试连接 Chrome 调试端口 (尝试 1/3)...
2026-04-20 09:49:10 [阶段 1] Chrome 连接成功
2026-04-20 09:49:10 [阶段 1] OK: Chrome 连接成功
2026-04-20 09:49:10 [阶段 1] 初始化页面（仅加载一次）...
2026-04-20 09:49:10 [阶段 1] 打开页面：https://house.link.lianjia.com/search/sale/default/gdiv_mt
2026-04-20 09:49:12 [阶段 1] 页面就绪，开始逐区抓取
2026-04-20 09:49:12 [阶段 1] 开始处理 浦东 区 (1/10)
2026-04-20 09:49:12 [阶段 1] 浦东 区进度：stage=prepare_filters, page=0, collected=0, status=running
2026-04-20 09:49:27 [阶段 1] 浦东 区进度：stage=sorting, page=0, collected=0, status=running
2026-04-20 09:49:32 [阶段 1] 浦东 区进度：stage=next_page, page=2, collected=60, status=running
2026-04-20 09:49:37 [阶段 1] 浦东 区进度：stage=next_page, page=3, collected=90, status=running
2026-04-20 09:49:42 [阶段 1] 浦东 区进度：stage=next_page, page=5, collected=149, status=running
2026-04-20 09:49:47 [阶段 1] 浦东 区进度：stage=next_page, page=6, collected=179, status=running
2026-04-20 09:49:52 [阶段 1] 浦东 区进度：stage=next_page, page=7, collected=209, status=running
2026-04-20 09:49:57 [阶段 1] 浦东 区进度：stage=next_page, page=8, collected=239, status=running
2026-04-20 09:50:02 [阶段 1] 浦东 区进度：stage=next_page, page=9, collected=269, status=running
2026-04-20 09:50:07 [阶段 1] 浦东 区进度：stage=next_page, page=10, collected=299, status=running
2026-04-20 09:50:12 [阶段 1] 浦东 区进度：stage=next_page, page=11, collected=329, status=running
2026-04-20 09:50:17 [阶段 1] 浦东 区进度：stage=next_page, page=12, collected=359, status=running
2026-04-20 09:50:22 [阶段 1] 浦东 区进度：stage=next_page, page=13, collected=389, status=running
2026-04-20 09:51:48 [阶段 1] 浦东 区进度：stage=next_page, page=14, collected=419, status=running
2026-04-20 09:54:48 [阶段 1] 浦东 区进度：stage=next_page, page=15, collected=449, status=running
2026-04-20 09:57:44 [阶段 1] 浦东 区进度：stage=next_page, page=17, collected=509, status=running
2026-04-20 09:57:49 [阶段 1] 浦东 区进度：stage=next_page, page=18, collected=539, status=running
2026-04-20 09:57:54 [阶段 1] 浦东 区进度：stage=next_page, page=20, collected=599, status=running
2026-04-20 09:57:59 [阶段 1] 浦东 区进度：stage=next_page, page=22, collected=659, status=running
2026-04-20 09:58:04 [阶段 1] 浦东 区进度：stage=next_page, page=23, collected=689, status=running
2026-04-20 09:58:09 [阶段 1] 浦东 区进度：stage=next_page, page=24, collected=719, status=running
2026-04-20 09:58:14 [阶段 1] 浦东 区进度：stage=next_page, page=26, collected=779, status=running
2026-04-20 09:58:19 [阶段 1] 浦东 区进度：stage=next_page, page=27, collected=809, status=running
2026-04-20 09:58:24 [阶段 1] 浦东 区进度：stage=next_page, page=28, collected=810, status=running
2026-04-20 09:58:29 [阶段 1] 浦东 区进度：stage=next_page, page=29, collected=811, status=running
2026-04-20 09:58:34 [阶段 1] 浦东 区进度：stage=finished, page=30, collected=811, status=done
2026-04-20 09:58:34 [阶段 1] 浦东 区完成：保留 811 套（原始 811 套），页数 30, 停止原因 no_matching_rows, 耗时 9.4分钟
2026-04-20 09:58:36 [阶段 1] 开始处理 长宁 区 (2/10)
2026-04-20 09:58:36 [阶段 1] 长宁 区进度：stage=prepare_filters, page=0, collected=0, status=running
2026-04-20 09:58:41 [阶段 1] 长宁 区进度：stage=sorting, page=0, collected=0, status=running
2026-04-20 09:58:46 [阶段 1] 长宁 区进度：stage=next_page, page=1, collected=30, status=running
2026-04-20 09:58:51 [阶段 1] 长宁 区进度：stage=next_page, page=2, collected=60, status=running
2026-04-20 09:58:56 [阶段 1] 长宁 区进度：stage=next_page, page=3, collected=90, status=running
2026-04-20 09:59:01 [阶段 1] 长宁 区进度：stage=next_page, page=4, collected=120, status=running
2026-04-20 10:01:51 [阶段 1] 长宁 区进度：stage=next_page, page=5, collected=150, status=running
2026-04-20 10:04:52 [阶段 1] 长宁 区进度：stage=next_page, page=6, collected=180, status=running
2026-04-20 10:07:52 [阶段 1] 长宁 区进度：stage=next_page, page=7, collected=210, status=running
2026-04-20 10:10:48 [阶段 1] 长宁 区进度：stage=next_page, page=8, collected=240, status=running
2026-04-20 10:13:38 [阶段 1] WARNING: 长宁 区出错，已跳过：district_timeout: 长宁 区超过 900 秒仍未完成 (耗时 15.0分钟)
2026-04-20 10:13:38 [阶段 1] 开始处理 静安 区 (3/10)
2026-04-20 10:13:38 [阶段 1] WARNING: 静安 区出错，已跳过：Message: javascript error: district_run_already_running:长宁
  (Session info: chrome=147.0.7727.56)
Stacktrace:
	chromedriver!GetHandleVerifier [0x7ff67ab10245+146d5]
	chromedriver!GetHandleVerifier [0x7ff67ab102b0+14740]
	chromedriver!(No symbol) [0x7ff67a87d7cd]
	chromedriver!(No symbol) [0x7ff67a885751]
	chromedriver!(No symbol) [0x7ff67a888c0f]
	chromedriver!(No symbol) [0x7ff67a925c2d]
	chromedriver!(No symbol) [0x7ff67a8fff6a]
	chromedriver!(No symbol) [0x7ff67a924818]
	chromedriver!(No symbol) [0x7ff67a8c9018]
	chromedriver!(No symbol) [0x7ff67a8c9f03]
	chromedriver!GetHandleVerifier [0x7ff67ae258f9+329d89]
	chromedriver!GetHandleVerifier [0x7ff67ae1fe46+3242d6]
	chromedriver!GetHandleVerifier [0x7ff67ae430b2+347542]
	chromedriver!GetHandleVerifier [0x7ff67ab2d3d5+31865]
	chromedriver!GetHandleVerifier [0x7ff67ab3600c+3a49c]
	chromedriver!GetHandleVerifier [0x7ff67ab19634+1dac4]
	chromedriver!GetHandleVerifier [0x7ff67ab197e6+1dc76]
	chromedriver!GetHandleVerifier [0x7ff67aafe2f7+2787]
	KERNEL32!BaseThreadInitThunk [0x7ffb77b0e8d7+17]
	ntdll!RtlUserThreadStart [0x7ffb78c8c3fc+2c]
 (耗时 0.0分钟)
2026-04-20 10:13:38 [阶段 1] 开始处理 黄浦 区 (4/10)
2026-04-20 10:13:38 [阶段 1] WARNING: 黄浦 区出错，已跳过：Message: javascript error: district_run_already_running:长宁
  (Session info: chrome=147.0.7727.56)
Stacktrace:
	chromedriver!GetHandleVerifier [0x7ff67ab10245+146d5]
	chromedriver!GetHandleVerifier [0x7ff67ab102b0+14740]
	chromedriver!(No symbol) [0x7ff67a87d7cd]
	chromedriver!(No symbol) [0x7ff67a885751]
	chromedriver!(No symbol) [0x7ff67a888c0f]
	chromedriver!(No symbol) [0x7ff67a925c2d]
	chromedriver!(No symbol) [0x7ff67a8fff6a]
	chromedriver!(No symbol) [0x7ff67a924818]
	chromedriver!(No symbol) [0x7ff67a8c9018]
	chromedriver!(No symbol) [0x7ff67a8c9f03]
	chromedriver!GetHandleVerifier [0x7ff67ae258f9+329d89]
	chromedriver!GetHandleVerifier [0x7ff67ae1fe46+3242d6]
	chromedriver!GetHandleVerifier [0x7ff67ae430b2+347542]
	chromedriver!GetHandleVerifier [0x7ff67ab2d3d5+31865]
	chromedriver!GetHandleVerifier [0x7ff67ab3600c+3a49c]
	chromedriver!GetHandleVerifier [0x7ff67ab19634+1dac4]
	chromedriver!GetHandleVerifier [0x7ff67ab197e6+1dc76]
	chromedriver!GetHandleVerifier [0x7ff67aafe2f7+2787]
	KERNEL32!BaseThreadInitThunk [0x7ffb77b0e8d7+17]
	ntdll!RtlUserThreadStart [0x7ffb78c8c3fc+2c]
 (耗时 0.0分钟)
2026-04-20 10:13:38 [阶段 1] 开始处理 徐汇 区 (5/10)
2026-04-20 10:13:38 [阶段 1] WARNING: 徐汇 区出错，已跳过：Message: javascript error: district_run_already_running:长宁
  (Session info: chrome=147.0.7727.56)
Stacktrace:
	chromedriver!GetHandleVerifier [0x7ff67ab10245+146d5]
	chromedriver!GetHandleVerifier [0x7ff67ab102b0+14740]
	chromedriver!(No symbol) [0x7ff67a87d7cd]
	chromedriver!(No symbol) [0x7ff67a885751]
	chromedriver!(No symbol) [0x7ff67a888c0f]
	chromedriver!(No symbol) [0x7ff67a925c2d]
	chromedriver!(No symbol) [0x7ff67a8fff6a]
	chromedriver!(No symbol) [0x7ff67a924818]
	chromedriver!(No symbol) [0x7ff67a8c9018]
	chromedriver!(No symbol) [0x7ff67a8c9f03]
	chromedriver!GetHandleVerifier [0x7ff67ae258f9+329d89]
	chromedriver!GetHandleVerifier [0x7ff67ae1fe46+3242d6]
	chromedriver!GetHandleVerifier [0x7ff67ae430b2+347542]
	chromedriver!GetHandleVerifier [0x7ff67ab2d3d5+31865]
	chromedriver!GetHandleVerifier [0x7ff67ab3600c+3a49c]
	chromedriver!GetHandleVerifier [0x7ff67ab19634+1dac4]
	chromedriver!GetHandleVerifier [0x7ff67ab197e6+1dc76]
	chromedriver!GetHandleVerifier [0x7ff67aafe2f7+2787]
	KERNEL32!BaseThreadInitThunk [0x7ffb77b0e8d7+17]
	ntdll!RtlUserThreadStart [0x7ffb78c8c3fc+2c]
 (耗时 0.0分钟)
2026-04-20 10:13:38 [阶段 1] ERROR: 已跳过 4 个区（长宁, 静安, 黄浦, 徐汇），超过允许上限 3，终止抓取
2026-04-20 10:13:40 [控制] 阶段 1 抓取（总控重试 1/2） 返回码：1，耗时 1472.3 秒
2026-04-20 10:13:40 [控制] 阶段 1 抓取（总控重试 1/2） 失败，10 秒后整轮重抓
2026-04-20 10:13:50 [控制] 执行 阶段 1 抓取（总控重试 2/2）：第 1/1 次
2026-04-20 10:13:51 [阶段 1] ============================================================
2026-04-20 10:13:51 [阶段 1] 开始房源抓取（页面内执行同源 JS 逻辑）
2026-04-20 10:13:51 [阶段 1] 目标 URL: https://house.link.lianjia.com/search/sale/default/gdiv_mt
2026-04-20 10:13:51 [阶段 1] 价格要求：700-10000 万
2026-04-20 10:13:51 [阶段 1] 筛选规则：房源分 >= 6.0 或最近 3 天/小时内
2026-04-20 10:13:51 [阶段 1] 抓取区顺序：浦东、长宁、静安、黄浦、徐汇、普陀、闵行、虹口、杨浦、嘉定
2026-04-20 10:13:51 [阶段 1] 超时保护：整体90分钟，单区15分钟
2026-04-20 10:13:51 [阶段 1] 连接 Chrome...
2026-04-20 10:13:51 [阶段 1] 尝试连接 Chrome 调试端口 (尝试 1/3)...
2026-04-20 10:13:52 [阶段 1] Chrome 连接成功
2026-04-20 10:13:52 [阶段 1] OK: Chrome 连接成功
2026-04-20 10:13:52 [阶段 1] 初始化页面（仅加载一次）...
2026-04-20 10:13:52 [阶段 1] 打开页面：https://house.link.lianjia.com/search/sale/default/gdiv_mt
2026-04-20 10:14:04 [阶段 1] 页面就绪，开始逐区抓取
2026-04-20 10:14:04 [阶段 1] 开始处理 浦东 区 (1/10)
2026-04-20 10:14:05 [阶段 1] 浦东 区进度：stage=prepare_filters, page=0, collected=0, status=running
2026-04-20 10:14:20 [阶段 1] 浦东 区进度：stage=sorting, page=0, collected=0, status=running
2026-04-20 10:14:25 [阶段 1] 浦东 区进度：stage=next_page, page=1, collected=30, status=running
2026-04-20 10:14:30 [阶段 1] 浦东 区进度：stage=next_page, page=2, collected=60, status=running
2026-04-20 10:14:35 [阶段 1] 浦东 区进度：stage=next_page, page=4, collected=120, status=running
2026-04-20 10:14:40 [阶段 1] 浦东 区进度：stage=next_page, page=5, collected=149, status=running
2026-04-20 10:14:45 [阶段 1] 浦东 区进度：stage=next_page, page=6, collected=179, status=running
2026-04-20 10:14:50 [阶段 1] 浦东 区进度：stage=next_page, page=7, collected=209, status=running
2026-04-20 10:15:50 [阶段 1] 浦东 区进度：stage=next_page, page=8, collected=239, status=running
2026-04-20 10:18:51 [阶段 1] 浦东 区进度：stage=next_page, page=9, collected=269, status=running
2026-04-20 10:21:51 [阶段 1] 浦东 区进度：stage=next_page, page=10, collected=299, status=running
2026-04-20 10:24:51 [阶段 1] 浦东 区进度：stage=next_page, page=11, collected=329, status=running
2026-04-20 10:27:52 [阶段 1] 浦东 区进度：stage=next_page, page=12, collected=359, status=running
2026-04-20 10:29:07 [阶段 1] WARNING: 浦东 区出错，已跳过：district_timeout: 浦东 区超过 900 秒仍未完成 (耗时 15.0分钟)
2026-04-20 10:29:07 [阶段 1] 开始处理 长宁 区 (2/10)
2026-04-20 10:29:07 [阶段 1] WARNING: 长宁 区出错，已跳过：Message: javascript error: district_run_already_running:浦东
  (Session info: chrome=147.0.7727.56)
Stacktrace:
	chromedriver!GetHandleVerifier [0x7ff67ab10245+146d5]
	chromedriver!GetHandleVerifier [0x7ff67ab102b0+14740]
	chromedriver!(No symbol) [0x7ff67a87d7cd]
	chromedriver!(No symbol) [0x7ff67a885751]
	chromedriver!(No symbol) [0x7ff67a888c0f]
	chromedriver!(No symbol) [0x7ff67a925c2d]
	chromedriver!(No symbol) [0x7ff67a8fff6a]
	chromedriver!(No symbol) [0x7ff67a924818]
	chromedriver!(No symbol) [0x7ff67a8c9018]
	chromedriver!(No symbol) [0x7ff67a8c9f03]
	chromedriver!GetHandleVerifier [0x7ff67ae258f9+329d89]
	chromedriver!GetHandleVerifier [0x7ff67ae1fe46+3242d6]
	chromedriver!GetHandleVerifier [0x7ff67ae430b2+347542]
	chromedriver!GetHandleVerifier [0x7ff67ab2d3d5+31865]
	chromedriver!GetHandleVerifier [0x7ff67ab3600c+3a49c]
	chromedriver!GetHandleVerifier [0x7ff67ab19634+1dac4]
	chromedriver!GetHandleVerifier [0x7ff67ab197e6+1dc76]
	chromedriver!GetHandleVerifier [0x7ff67aafe2f7+2787]
	KERNEL32!BaseThreadInitThunk [0x7ffb77b0e8d7+17]
	ntdll!RtlUserThreadStart [0x7ffb78c8c3fc+2c]
 (耗时 0.0分钟)
2026-04-20 10:29:07 [阶段 1] 开始处理 静安 区 (3/10)
2026-04-20 10:29:07 [阶段 1] WARNING: 静安 区出错，已跳过：Message: javascript error: district_run_already_running:浦东
  (Session info: chrome=147.0.7727.56)
Stacktrace:
	chromedriver!GetHandleVerifier [0x7ff67ab10245+146d5]
	chromedriver!GetHandleVerifier [0x7ff67ab102b0+14740]
	chromedriver!(No symbol) [0x7ff67a87d7cd]
	chromedriver!(No symbol) [0x7ff67a885751]
	chromedriver!(No symbol) [0x7ff67a888c0f]
	chromedriver!(No symbol) [0x7ff67a925c2d]
	chromedriver!(No symbol) [0x7ff67a8fff6a]
	chromedriver!(No symbol) [0x7ff67a924818]
	chromedriver!(No symbol) [0x7ff67a8c9018]
	chromedriver!(No symbol) [0x7ff67a8c9f03]
	chromedriver!GetHandleVerifier [0x7ff67ae258f9+329d89]
	chromedriver!GetHandleVerifier [0x7ff67ae1fe46+3242d6]
	chromedriver!GetHandleVerifier [0x7ff67ae430b2+347542]
	chromedriver!GetHandleVerifier [0x7ff67ab2d3d5+31865]
	chromedriver!GetHandleVerifier [0x7ff67ab3600c+3a49c]
	chromedriver!GetHandleVerifier [0x7ff67ab19634+1dac4]
	chromedriver!GetHandleVerifier [0x7ff67ab197e6+1dc76]
	chromedriver!GetHandleVerifier [0x7ff67aafe2f7+2787]
	KERNEL32!BaseThreadInitThunk [0x7ffb77b0e8d7+17]
	ntdll!RtlUserThreadStart [0x7ffb78c8c3fc+2c]
 (耗时 0.0分钟)
2026-04-20 10:29:07 [阶段 1] 开始处理 黄浦 区 (4/10)
2026-04-20 10:29:07 [阶段 1] WARNING: 黄浦 区出错，已跳过：Message: javascript error: district_run_already_running:浦东
  (Session info: chrome=147.0.7727.56)
Stacktrace:
	chromedriver!GetHandleVerifier [0x7ff67ab10245+146d5]
	chromedriver!GetHandleVerifier [0x7ff67ab102b0+14740]
	chromedriver!(No symbol) [0x7ff67a87d7cd]
	chromedriver!(No symbol) [0x7ff67a885751]
	chromedriver!(No symbol) [0x7ff67a888c0f]
	chromedriver!(No symbol) [0x7ff67a925c2d]
	chromedriver!(No symbol) [0x7ff67a8fff6a]
	chromedriver!(No symbol) [0x7ff67a924818]
	chromedriver!(No symbol) [0x7ff67a8c9018]
	chromedriver!(No symbol) [0x7ff67a8c9f03]
	chromedriver!GetHandleVerifier [0x7ff67ae258f9+329d89]
	chromedriver!GetHandleVerifier [0x7ff67ae1fe46+3242d6]
	chromedriver!GetHandleVerifier [0x7ff67ae430b2+347542]
	chromedriver!GetHandleVerifier [0x7ff67ab2d3d5+31865]
	chromedriver!GetHandleVerifier [0x7ff67ab3600c+3a49c]
	chromedriver!GetHandleVerifier [0x7ff67ab19634+1dac4]
	chromedriver!GetHandleVerifier [0x7ff67ab197e6+1dc76]
	chromedriver!GetHandleVerifier [0x7ff67aafe2f7+2787]
	KERNEL32!BaseThreadInitThunk [0x7ffb77b0e8d7+17]
	ntdll!RtlUserThreadStart [0x7ffb78c8c3fc+2c]
 (耗时 0.0分钟)
2026-04-20 10:29:07 [阶段 1] ERROR: 已跳过 4 个区（浦东, 长宁, 静安, 黄浦），超过允许上限 3，终止抓取
2026-04-20 10:29:09 [控制] 阶段 1 抓取（总控重试 2/2） 返回码：1，耗时 918.6 秒
2026-04-20 10:29:12 [控制] Telegram 通知已发送
2026-04-20 10:46:20 [控制] 检查并清理旧进程...
2026-04-20 10:46:20 [控制] 清理旧进程：无旧进程
2026-04-20 10:46:22 [控制] 房源抓取任务启动
2026-04-20 10:46:24 [控制] 执行 阶段 1 抓取（总控重试 1/2）：第 1/1 次
2026-04-20 10:46:24 [阶段 1] ============================================================
2026-04-20 10:46:24 [阶段 1] 开始房源抓取（页面内执行同源 JS 逻辑）
2026-04-20 10:46:24 [阶段 1] 目标 URL: https://house.link.lianjia.com/search/sale/default/gdiv_mt
2026-04-20 10:46:24 [阶段 1] 价格要求：700-10000 万
2026-04-20 10:46:24 [阶段 1] 筛选规则：房源分 >= 6.0 或最近 3 天/小时内
2026-04-20 10:46:24 [阶段 1] 抓取区顺序：浦东、长宁、静安、黄浦、徐汇、普陀、闵行、虹口、杨浦、嘉定
2026-04-20 10:46:24 [阶段 1] 超时保护：整体90分钟，单区15分钟
2026-04-20 10:46:24 [阶段 1] 连接 Chrome...
2026-04-20 10:46:24 [阶段 1] 尝试连接 Chrome 调试端口 (尝试 1/3)...
2026-04-20 10:46:28 [阶段 1] Chrome 连接成功
2026-04-20 10:46:28 [阶段 1] OK: Chrome 连接成功
2026-04-20 10:46:28 [阶段 1] 初始化页面（仅加载一次）...
2026-04-20 10:46:28 [阶段 1] 打开页面：https://house.link.lianjia.com/search/sale/default/gdiv_mt
2026-04-20 10:46:30 [阶段 1] 页面就绪，开始逐区抓取
2026-04-20 10:46:30 [阶段 1] 重新加载页面，准备抓取浦东区 (1/10)
2026-04-20 10:46:34 [阶段 1] WARNING: 重置状态失败：Message: javascript error: window.__codexHouseCollector.resetState is not a function
  (Session info: chrome=147.0.7727.56)
Stacktrace:
	chromedriver!GetHandleVerifier [0x7ff67ab10245+146d5]
	chromedriver!GetHandleVerifier [0x7ff67ab102b0+14740]
	chromedriver!(No symbol) [0x7ff67a87d7cd]
	chromedriver!(No symbol) [0x7ff67a885751]
	chromedriver!(No symbol) [0x7ff67a888c0f]
	chromedriver!(No symbol) [0x7ff67a925c2d]
	chromedriver!(No symbol) [0x7ff67a8fff6a]
	chromedriver!(No symbol) [0x7ff67a924818]
	chromedriver!(No symbol) [0x7ff67a8c9018]
	chromedriver!(No symbol) [0x7ff67a8c9f03]
	chromedriver!GetHandleVerifier [0x7ff67ae258f9+329d89]
	chromedriver!GetHandleVerifier [0x7ff67ae1fe46+3242d6]
	chromedriver!GetHandleVerifier [0x7ff67ae430b2+347542]
	chromedriver!GetHandleVerifier [0x7ff67ab2d3d5+31865]
	chromedriver!GetHandleVerifier [0x7ff67ab3600c+3a49c]
	chromedriver!GetHandleVerifier [0x7ff67ab19634+1dac4]
	chromedriver!GetHandleVerifier [0x7ff67ab197e6+1dc76]
	chromedriver!GetHandleVerifier [0x7ff67aafe2f7+2787]
	KERNEL32!BaseThreadInitThunk [0x7ffb77b0e8d7+17]
	ntdll!RtlUserThreadStart [0x7ffb78c8c3fc+2c]

2026-04-20 10:46:34 [阶段 1] 开始处理 浦东 区 (1/10)
2026-04-20 10:46:34 [阶段 1] 浦东 区进度：stage=prepare_filters, page=0, collected=0, status=running
2026-04-20 10:47:04 [阶段 1] 浦东 区进度：stage=sorting, page=0, collected=0, status=running
2026-04-20 10:47:09 [阶段 1] 浦东 区进度：stage=next_page, page=1, collected=30, status=running
2026-04-20 10:47:14 [阶段 1] 浦东 区进度：stage=next_page, page=3, collected=90, status=running
2026-04-20 10:47:19 [阶段 1] 浦东 区进度：stage=next_page, page=4, collected=120, status=running
2026-04-20 10:47:24 [阶段 1] 浦东 区进度：stage=next_page, page=5, collected=149, status=running
2026-04-20 10:47:29 [阶段 1] 浦东 区进度：stage=next_page, page=6, collected=179, status=running
2026-04-20 10:47:34 [阶段 1] 浦东 区进度：stage=next_page, page=7, collected=209, status=running
2026-04-20 10:49:49 [阶段 1] 浦东 区进度：stage=next_page, page=8, collected=239, status=running
2026-04-20 10:52:50 [阶段 1] 浦东 区进度：stage=next_page, page=9, collected=269, status=running
2026-04-20 10:55:50 [阶段 1] 浦东 区进度：stage=next_page, page=10, collected=299, status=running
2026-04-20 10:58:50 [阶段 1] 浦东 区进度：stage=next_page, page=11, collected=329, status=running
2026-04-20 11:01:51 [阶段 1] 浦东 区进度：stage=next_page, page=12, collected=359, status=running
2026-04-20 11:04:51 [阶段 1] 浦东 区进度：stage=next_page, page=13, collected=389, status=running
2026-04-20 11:07:52 [阶段 1] 浦东 区进度：stage=next_page, page=14, collected=419, status=running
2026-04-20 11:10:52 [阶段 1] 浦东 区进度：stage=next_page, page=15, collected=449, status=running
2026-04-20 11:13:47 [阶段 1] 浦东 区进度：stage=next_page, page=16, collected=479, status=running
2026-04-20 11:16:48 [阶段 1] 浦东 区进度：stage=next_page, page=17, collected=509, status=running
2026-04-20 11:19:48 [阶段 1] 浦东 区进度：stage=next_page, page=18, collected=539, status=running
2026-04-20 11:22:49 [阶段 1] 浦东 区进度：stage=next_page, page=19, collected=569, status=running
2026-04-20 11:25:49 [阶段 1] 浦东 区进度：stage=next_page, page=20, collected=599, status=running
2026-04-20 11:28:50 [阶段 1] 浦东 区进度：stage=next_page, page=21, collected=629, status=running
2026-04-20 11:31:50 [阶段 1] 浦东 区进度：stage=next_page, page=22, collected=659, status=running
2026-04-20 11:34:50 [阶段 1] 浦东 区进度：stage=next_page, page=23, collected=689, status=running
2026-04-20 11:37:51 [阶段 1] 浦东 区进度：stage=next_page, page=24, collected=719, status=running
2026-04-20 11:40:51 [阶段 1] 浦东 区进度：stage=next_page, page=25, collected=749, status=running
2026-04-20 11:43:52 [阶段 1] 浦东 区进度：stage=next_page, page=26, collected=779, status=running
2026-04-20 11:46:52 [阶段 1] 浦东 区进度：stage=next_page, page=27, collected=805, status=running
2026-04-20 11:49:47 [阶段 1] 浦东 区进度：stage=next_page, page=28, collected=806, status=running
2026-04-20 11:52:48 [阶段 1] 浦东 区进度：stage=next_page, page=29, collected=807, status=running
2026-04-20 11:55:23 [阶段 1] WARNING: 浦东 区出错：Message: invalid session id: session deleted as the browser has closed the connection
from disconnected: not connected to DevTools
  (Session info: chrome=147.0.7727.56); For documentation on this error, please visit: https://www.selenium.dev/documentation/webdriver/troubleshooting/errors#invalidsessionidexception
Stacktrace:
	chromedriver!GetHandleVerifier [0x7ff67ab10245+146d5]
	chromedriver!GetHandleVerifier [0x7ff67ab102b0+14740]
	chromedriver!(No symbol) [0x7ff67a87d7cd]
	chromedriver!(No symbol) [0x7ff67a868842]
	chromedriver!(No symbol) [0x7ff67a88f0b1]
	chromedriver!(No symbol) [0x7ff67a9070b0]
	chromedriver!(No symbol) [0x7ff67a9240e2]
	chromedriver!(No symbol) [0x7ff67a8c9018]
	chromedriver!(No symbol) [0x7ff67a8c9f03]
	chromedriver!GetHandleVerifier [0x7ff67ae258f9+329d89]
	chromedriver!GetHandleVerifier [0x7ff67ae1fe46+3242d6]
	chromedriver!GetHandleVerifier [0x7ff67ae430b2+347542]
	chromedriver!GetHandleVerifier [0x7ff67ab2d3d5+31865]
	chromedriver!GetHandleVerifier [0x7ff67ab3600c+3a49c]
	chromedriver!GetHandleVerifier [0x7ff67ab19634+1dac4]
	chromedriver!GetHandleVerifier [0x7ff67ab197e6+1dc76]
	chromedriver!GetHandleVerifier [0x7ff67aafe2f7+2787]
	KERNEL32!BaseThreadInitThunk [0x7ffb77b0e8d7+17]
	ntdll!RtlUserThreadStart [0x7ffb78c8c3fc+2c]
 (耗时 68.9分钟)
2026-04-20 11:55:23 [阶段 1] 重试 浦东 区 (1/2)...
2026-04-20 11:55:33 [阶段 1] ERROR: 抓取失败：Message: invalid session id; For documentation on this error, please visit: https://www.selenium.dev/documentation/webdriver/troubleshooting/errors#invalidsessionidexception
Stacktrace:
	chromedriver!GetHandleVerifier [0x7ff67ab10245+146d5]
	chromedriver!GetHandleVerifier [0x7ff67ab102b0+14740]
	chromedriver!(No symbol) [0x7ff67a87d5b6]
	chromedriver!(No symbol) [0x7ff67a8c8093]
	chromedriver!(No symbol) [0x7ff67a8ffe72]
	chromedriver!(No symbol) [0x7ff67a8fa0d1]
	chromedriver!(No symbol) [0x7ff67a8f9383]
	chromedriver!(No symbol) [0x7ff67a8460b5]
	chromedriver!GetHandleVerifier [0x7ff67ae258f9+329d89]
	chromedriver!GetHandleVerifier [0x7ff67ae1fe46+3242d6]
	chromedriver!GetHandleVerifier [0x7ff67ae430b2+347542]
	chromedriver!GetHandleVerifier [0x7ff67ab2d3d5+31865]
	chromedriver!GetHandleVerifier [0x7ff67ab3600c+3a49c]
	chromedriver!(No symbol) [0x7ff67a844e4a]
	chromedriver!GetHandleVerifier [0x7ff67af820c8+486558]
	KERNEL32!BaseThreadInitThunk [0x7ffb77b0e8d7+17]
	ntdll!RtlUserThreadStart [0x7ffb78c8c3fc+2c]

2026-04-20 11:55:33 [阶段 1] Traceback (most recent call last):
  File "C:\Users\Huawei\.openclaw\workspace\tools\stage1_grab.py", line 1170, in main
    log("阶段 1", f"开始处理 {district['name']} 区 ({idx}/{len(DISTRICTS)})")
               ^^^^^^^^^^^^^^^^^^^^^^^^^^^^^^^^^^^^^^^^^^
  File "C:\Users\Huawei\.openclaw\workspace\tools\stage1_grab.py", line 938, in collect_district_browser_side
    state = driver.execute_script(
            ^^^^^^^^^^^^^^^^^^^^^^
  File "C:\Users\Huawei\AppData\Local\Programs\Python\Python311\Lib\site-packages\selenium\webdriver\remote\webdriver.py", line 532, in execute_script
    return self.execute(command, {"script": script, "args": converted_args})["value"]
           ^^^^^^^^^^^^^^^^^^^^^^^^^^^^^^^^^^^^^^^^^^^^^^^^^^^^^^^^^^^^^^^^^
  File "C:\Users\Huawei\AppData\Local\Programs\Python\Python311\Lib\site-packages\selenium\webdriver\remote\webdriver.py", line 446, in execute
    self.error_handler.check_response(response)
  File "C:\Users\Huawei\AppData\Local\Programs\Python\Python311\Lib\site-packages\selenium\webdriver\remote\errorhandler.py", line 232, in check_response
    raise exception_class(message, screen, stacktrace)
selenium.common.exceptions.InvalidSessionIdException: Message: invalid session id: session deleted as the browser has closed the connection
from disconnected: not connected to DevTools
  (Session info: chrome=147.0.7727.56); For documentation on this error, please visit: https://www.selenium.dev/documentation/webdriver/troubleshooting/errors#invalidsessionidexception
Stacktrace:
	chromedriver!GetHandleVerifier [0x7ff67ab10245+146d5]
	chromedriver!GetHandleVerifier [0x7ff67ab102b0+14740]
	chromedriver!(No symbol) [0x7ff67a87d7cd]
	chromedriver!(No symbol) [0x7ff67a868842]
	chromedriver!(No symbol) [0x7ff67a88f0b1]
	chromedriver!(No symbol) [0x7ff67a9070b0]
	chromedriver!(No symbol) [0x7ff67a9240e2]
	chromedriver!(No symbol) [0x7ff67a8c9018]
	chromedriver!(No symbol) [0x7ff67a8c9f03]
	chromedriver!GetHandleVerifier [0x7ff67ae258f9+329d89]
	chromedriver!GetHandleVerifier [0x7ff67ae1fe46+3242d6]
	chromedriver!GetHandleVerifier [0x7ff67ae430b2+347542]
	chromedriver!GetHandleVerifier [0x7ff67ab2d3d5+31865]
	chromedriver!GetHandleVerifier [0x7ff67ab3600c+3a49c]
	chromedriver!GetHandleVerifier [0x7ff67ab19634+1dac4]
	chromedriver!GetHandleVerifier [0x7ff67ab197e6+1dc76]
	chromedriver!GetHandleVerifier [0x7ff67aafe2f7+2787]
	KERNEL32!BaseThreadInitThunk [0x7ffb77b0e8d7+17]
	ntdll!RtlUserThreadStart [0x7ffb78c8c3fc+2c]


During handling of the above exception, another exception occurred:

Traceback (most recent call last):
  File "C:\Users\Huawei\.openclaw\workspace\tools\stage1_grab.py", line 1218, in main
  File "C:\Users\Huawei\AppData\Local\Programs\Python\Python311\Lib\site-packages\selenium\webdriver\remote\webdriver.py", line 466, in get
    self.execute(Command.GET, {"url": url})
  File "C:\Users\Huawei\AppData\Local\Programs\Python\Python311\Lib\site-packages\selenium\webdriver\remote\webdriver.py", line 446, in execute
    self.error_handler.check_response(response)
  File "C:\Users\Huawei\AppData\Local\Programs\Python\Python311\Lib\site-packages\selenium\webdriver\remote\errorhandler.py", line 232, in check_response
    raise exception_class(message, screen, stacktrace)
selenium.common.exceptions.InvalidSessionIdException: Message: invalid session id; For documentation on this error, please visit: https://www.selenium.dev/documentation/webdriver/troubleshooting/errors#invalidsessionidexception
Stacktrace:
	chromedriver!GetHandleVerifier [0x7ff67ab10245+146d5]
	chromedriver!GetHandleVerifier [0x7ff67ab102b0+14740]
	chromedriver!(No symbol) [0x7ff67a87d5b6]
	chromedriver!(No symbol) [0x7ff67a8c8093]
	chromedriver!(No symbol) [0x7ff67a8ffe72]
	chromedriver!(No symbol) [0x7ff67a8fa0d1]
	chromedriver!(No symbol) [0x7ff67a8f9383]
	chromedriver!(No symbol) [0x7ff67a8460b5]
	chromedriver!GetHandleVerifier [0x7ff67ae258f9+329d89]
	chromedriver!GetHandleVerifier [0x7ff67ae1fe46+3242d6]
	chromedriver!GetHandleVerifier [0x7ff67ae430b2+347542]
	chromedriver!GetHandleVerifier [0x7ff67ab2d3d5+31865]
	chromedriver!GetHandleVerifier [0x7ff67ab3600c+3a49c]
	chromedriver!(No symbol) [0x7ff67a844e4a]
	chromedriver!GetHandleVerifier [0x7ff67af820c8+486558]
	KERNEL32!BaseThreadInitThunk [0x7ffb77b0e8d7+17]
	ntdll!RtlUserThreadStart [0x7ffb78c8c3fc+2c]


2026-04-20 11:55:35 [控制] 阶段 1 抓取（总控重试 1/2） 返回码：1，耗时 4151.6 秒
2026-04-20 11:55:35 [控制] 阶段 1 抓取（总控重试 1/2） 失败，10 秒后整轮重抓
2026-04-20 11:55:45 [控制] 执行 阶段 1 抓取（总控重试 2/2）：第 1/1 次
2026-04-20 11:55:46 [阶段 1] ============================================================
2026-04-20 11:55:46 [阶段 1] 开始房源抓取（页面内执行同源 JS 逻辑）
2026-04-20 11:55:46 [阶段 1] 目标 URL: https://house.link.lianjia.com/search/sale/default/gdiv_mt
2026-04-20 11:55:46 [阶段 1] 价格要求：700-10000 万
2026-04-20 11:55:46 [阶段 1] 筛选规则：房源分 >= 6.0 或最近 3 天/小时内
2026-04-20 11:55:46 [阶段 1] 抓取区顺序：浦东、长宁、静安、黄浦、徐汇、普陀、闵行、虹口、杨浦、嘉定
2026-04-20 11:55:46 [阶段 1] 超时保护：整体90分钟，单区15分钟
2026-04-20 11:55:48 [阶段 1] 未检测到调试 Chrome，准备自动启动专用调试窗口
2026-04-20 11:55:52 [阶段 1] 调试启动输出：Starting Chrome with debugger...
Waiting for Chrome debugger port...
DEBUG_PORT_READY:9222
Chrome started successfully on port 9222
2026-04-20 11:55:52 [阶段 1] OK: 调试 Chrome 已启动，将复用 D:\Unique work form\ChromeDebugProfile
2026-04-20 11:55:52 [阶段 1] 提示：浏览器窗口已打开，请勿手动关闭
2026-04-20 11:55:52 [阶段 1] 连接 Chrome...
2026-04-20 11:55:52 [阶段 1] 尝试连接 Chrome 调试端口 (尝试 1/3)...
2026-04-20 11:55:55 [阶段 1] Chrome 连接成功
2026-04-20 11:55:55 [阶段 1] OK: Chrome 连接成功
2026-04-20 11:55:55 [阶段 1] 初始化页面（仅加载一次）...
2026-04-20 11:55:55 [阶段 1] 打开页面：https://house.link.lianjia.com/search/sale/default/gdiv_mt
2026-04-20 11:55:59 [阶段 1] 检测到登录页，等待你在专用调试窗口完成扫码登录...
2026-04-20 11:56:32 [阶段 1] Telegram 登录提醒已发送
2026-04-20 11:58:00 [阶段 1] ERROR: 页面在 120 秒内未进入可抓取状态
2026-04-20 11:58:00 [阶段 1] 提示：请在专用调试窗口完成登录后重试
2026-04-20 11:58:02 [控制] 阶段 1 抓取（总控重试 2/2） 返回码：1，耗时 136.3 秒
2026-04-20 11:58:04 [控制] Telegram 通知已发送
2026-04-20 12:05:48 [控制] 检查并清理旧进程...
2026-04-20 12:05:49 [控制] 清理旧进程：无旧进程
2026-04-20 12:05:51 [控制] 房源抓取任务启动
2026-04-20 12:05:52 [控制] 执行 阶段 1 抓取（总控重试 1/2）：第 1/1 次
2026-04-20 12:05:53 [阶段 1] ============================================================
2026-04-20 12:05:53 [阶段 1] 开始房源抓取（页面内执行同源 JS 逻辑）
2026-04-20 12:05:53 [阶段 1] 目标 URL: https://house.link.lianjia.com/search/sale/default/gdiv_mt
2026-04-20 12:05:53 [阶段 1] 价格要求：700-10000 万
2026-04-20 12:05:53 [阶段 1] 筛选规则：房源分 >= 6.0 或最近 3 天/小时内
2026-04-20 12:05:53 [阶段 1] 抓取区顺序：浦东、长宁、静安、黄浦、徐汇、普陀、闵行、虹口、杨浦、嘉定
2026-04-20 12:05:53 [阶段 1] 超时保护：整体90分钟，单区15分钟
2026-04-20 12:05:53 [阶段 1] 连接 Chrome...
2026-04-20 12:05:53 [阶段 1] 尝试连接 Chrome 调试端口 (尝试 1/3)...
2026-04-20 12:05:54 [阶段 1] Chrome 连接成功
2026-04-20 12:05:54 [阶段 1] OK: Chrome 连接成功
2026-04-20 12:05:54 [阶段 1] 初始化页面（仅加载一次）...
2026-04-20 12:05:54 [阶段 1] 打开页面：https://house.link.lianjia.com/search/sale/default/gdiv_mt
2026-04-20 12:05:56 [阶段 1] 检测到登录页，等待你在专用调试窗口完成扫码登录...
2026-04-20 12:06:29 [阶段 1] Telegram 登录提醒已发送
2026-04-20 12:07:57 [阶段 1] ERROR: 页面在 120 秒内未进入可抓取状态
2026-04-20 12:07:57 [阶段 1] 提示：请在专用调试窗口完成登录后重试
2026-04-20 12:07:59 [控制] 阶段 1 抓取（总控重试 1/2） 返回码：1，耗时 126.6 秒
2026-04-20 12:07:59 [控制] 阶段 1 抓取（总控重试 1/2） 失败，10 秒后整轮重抓
2026-04-20 12:08:09 [控制] 执行 阶段 1 抓取（总控重试 2/2）：第 1/1 次
2026-04-20 12:08:09 [阶段 1] ============================================================
2026-04-20 12:08:09 [阶段 1] 开始房源抓取（页面内执行同源 JS 逻辑）
2026-04-20 12:08:09 [阶段 1] 目标 URL: https://house.link.lianjia.com/search/sale/default/gdiv_mt
2026-04-20 12:08:09 [阶段 1] 价格要求：700-10000 万
2026-04-20 12:08:09 [阶段 1] 筛选规则：房源分 >= 6.0 或最近 3 天/小时内
2026-04-20 12:08:09 [阶段 1] 抓取区顺序：浦东、长宁、静安、黄浦、徐汇、普陀、闵行、虹口、杨浦、嘉定
2026-04-20 12:08:09 [阶段 1] 超时保护：整体90分钟，单区15分钟
2026-04-20 12:08:09 [阶段 1] 连接 Chrome...
2026-04-20 12:08:09 [阶段 1] 尝试连接 Chrome 调试端口 (尝试 1/3)...
2026-04-20 12:08:10 [阶段 1] Chrome 连接成功
2026-04-20 12:08:10 [阶段 1] OK: Chrome 连接成功
2026-04-20 12:08:10 [阶段 1] 初始化页面（仅加载一次）...
2026-04-20 12:08:10 [阶段 1] 打开页面：https://house.link.lianjia.com/search/sale/default/gdiv_mt
2026-04-20 12:08:13 [阶段 1] 检测到登录页，等待你在专用调试窗口完成扫码登录...
2026-04-20 12:08:47 [阶段 1] Telegram 登录提醒已发送
2026-04-20 12:10:14 [阶段 1] ERROR: 页面在 120 秒内未进入可抓取状态
2026-04-20 12:10:14 [阶段 1] 提示：请在专用调试窗口完成登录后重试
2026-04-20 12:10:17 [控制] 阶段 1 抓取（总控重试 2/2） 返回码：1，耗时 127.9 秒
2026-04-20 12:10:19 [控制] Telegram 通知已发送
2026-04-20 12:23:27 [控制] 检查并清理旧进程...
2026-04-20 12:23:27 [控制] 清理旧进程：无旧进程
2026-04-20 12:23:29 [控制] 房源抓取任务启动
2026-04-20 12:23:31 [控制] 执行 阶段 1 抓取（总控重试 1/2）：第 1/1 次
2026-04-20 12:23:31 [阶段 1] ============================================================
2026-04-20 12:23:31 [阶段 1] 开始房源抓取（页面内执行同源 JS 逻辑）
2026-04-20 12:23:31 [阶段 1] 目标 URL: https://house.link.lianjia.com/search/sale/default/gdiv_mt
2026-04-20 12:23:31 [阶段 1] 价格要求：700-10000 万
2026-04-20 12:23:31 [阶段 1] 筛选规则：房源分 >= 6.0 或最近 3 天/小时内
2026-04-20 12:23:31 [阶段 1] 抓取区顺序：浦东、长宁、静安、黄浦、徐汇、普陀、闵行、虹口、杨浦、嘉定
2026-04-20 12:23:31 [阶段 1] 超时保护：整体90分钟，单区15分钟
2026-04-20 12:23:31 [阶段 1] 连接 Chrome...
2026-04-20 12:23:31 [阶段 1] 尝试连接 Chrome 调试端口 (尝试 1/3)...
2026-04-20 12:23:32 [阶段 1] Chrome 连接成功
2026-04-20 12:23:32 [阶段 1] OK: Chrome 连接成功
2026-04-20 12:23:32 [阶段 1] 初始化页面（仅加载一次）...
2026-04-20 12:23:32 [阶段 1] 打开页面：https://house.link.lianjia.com/search/sale/default/gdiv_mt
2026-04-20 12:23:36 [阶段 1] 检测到登录页，等待你在专用调试窗口完成扫码登录...
2026-04-20 12:24:10 [阶段 1] Telegram 登录提醒已发送
2026-04-20 12:24:50 [阶段 1] 页面就绪，开始逐区抓取
2026-04-20 12:24:50 [阶段 1] 重新加载页面，准备抓取浦东区 (1/10)
2026-04-20 12:24:54 [阶段 1] JavaScript 收集器已重置
2026-04-20 12:24:54 [阶段 1] 开始处理 浦东 区 (1/10)
2026-04-20 12:24:54 [阶段 1] 浦东 区进度：stage=prepare_filters, page=0, collected=0, status=running
2026-04-20 12:25:05 [阶段 1] 浦东 区进度：stage=sorting, page=0, collected=0, status=running
2026-04-20 12:25:15 [阶段 1] 浦东 区进度：stage=next_page, page=2, collected=60, status=running
2026-04-20 12:25:20 [阶段 1] 浦东 区进度：stage=next_page, page=4, collected=120, status=running
2026-04-20 12:25:25 [阶段 1] 浦东 区进度：stage=next_page, page=6, collected=179, status=running
2026-04-20 12:25:30 [阶段 1] 浦东 区进度：stage=next_page, page=8, collected=239, status=running
2026-04-20 12:25:35 [阶段 1] 浦东 区进度：stage=next_page, page=10, collected=299, status=running
2026-04-20 12:25:40 [阶段 1] 浦东 区进度：stage=next_page, page=12, collected=359, status=running
2026-04-20 12:25:45 [阶段 1] 浦东 区进度：stage=next_page, page=14, collected=419, status=running
2026-04-20 12:25:50 [阶段 1] 浦东 区进度：stage=next_page, page=16, collected=479, status=running
2026-04-20 12:25:55 [阶段 1] 浦东 区进度：stage=next_page, page=17, collected=509, status=running
2026-04-20 12:26:00 [阶段 1] 浦东 区进度：stage=next_page, page=19, collected=569, status=running
2026-04-20 12:26:05 [阶段 1] 浦东 区进度：stage=next_page, page=21, collected=629, status=running
2026-04-20 12:26:10 [阶段 1] 浦东 区进度：stage=next_page, page=23, collected=689, status=running
2026-04-20 12:26:15 [阶段 1] 浦东 区进度：stage=next_page, page=25, collected=749, status=running
2026-04-20 12:26:16 [控制] 检查并清理旧进程...
2026-04-20 12:26:16 [控制] 清理旧进程：无旧进程
2026-04-20 12:26:16 [控制] 清理旧锁文件
2026-04-20 12:26:18 [控制] 房源抓取任务启动
2026-04-20 12:26:19 [控制] 执行 阶段 1 抓取（总控重试 1/2）：第 1/1 次
2026-04-20 12:26:20 [阶段 1] ============================================================
2026-04-20 12:26:20 [阶段 1] 开始房源抓取（页面内执行同源 JS 逻辑）
2026-04-20 12:26:20 [阶段 1] 目标 URL: https://house.link.lianjia.com/search/sale/default/gdiv_mt
2026-04-20 12:26:20 [阶段 1] 价格要求：700-10000 万
2026-04-20 12:26:20 [阶段 1] 筛选规则：房源分 >= 6.0 或最近 3 天/小时内
2026-04-20 12:26:20 [阶段 1] 抓取区顺序：浦东、长宁、静安、黄浦、徐汇、普陀、闵行、虹口、杨浦、嘉定
2026-04-20 12:26:20 [阶段 1] 超时保护：整体90分钟，单区15分钟
2026-04-20 12:26:20 [阶段 1] 连接 Chrome...
2026-04-20 12:26:20 [阶段 1] 尝试连接 Chrome 调试端口 (尝试 1/3)...
2026-04-20 12:26:20 [阶段 1] 浦东 区进度：stage=next_page, page=27, collected=803, status=running
2026-04-20 12:26:21 [阶段 1] Chrome 连接成功
2026-04-20 12:26:21 [阶段 1] OK: Chrome 连接成功
2026-04-20 12:26:21 [阶段 1] 初始化页面（仅加载一次）...
2026-04-20 12:26:21 [阶段 1] 打开页面：https://house.link.lianjia.com/search/sale/default/gdiv_mt
2026-04-20 12:26:22 [阶段 1] 页面就绪，开始逐区抓取
2026-04-20 12:26:22 [阶段 1] 重新加载页面，准备抓取浦东区 (1/10)
2026-04-20 12:26:25 [阶段 1] WARNING: 浦东 区出错：district_state_missing: 浦东 (耗时 1.6分钟)
2026-04-20 12:26:25 [阶段 1] 重试 浦东 区 (1/2)...
2026-04-20 12:26:27 [阶段 1] JavaScript 收集器已重置
2026-04-20 12:26:27 [阶段 1] 开始处理 浦东 区 (1/10)
2026-04-20 12:26:27 [阶段 1] 浦东 区进度：stage=prepare_filters, page=0, collected=0, status=running
2026-04-20 12:26:37 [阶段 1] WARNING: 浦东 区出错：district_state_missing: 浦东 (耗时 0.2分钟)
2026-04-20 12:26:37 [阶段 1] 重试 浦东 区 (1/2)...
2026-04-20 12:26:40 [阶段 1] JavaScript 收集器已重置
2026-04-20 12:26:40 [阶段 1] 浦东 区进度：stage=prepare_filters, page=0, collected=0, status=running
2026-04-20 12:26:50 [阶段 1] 重试失败，10 秒后再次重试
2026-04-20 12:26:50 [阶段 1] 重试 浦东 区 (2/2)...
2026-04-20 12:26:52 [阶段 1] JavaScript 收集器已重置
2026-04-20 12:26:52 [阶段 1] 浦东 区进度：stage=prepare_filters, page=0, collected=0, status=running
2026-04-20 12:27:04 [阶段 1] 重试失败，10 秒后再次重试
2026-04-20 12:27:04 [阶段 1] 重试 浦东 区 (2/2)...
2026-04-20 12:27:07 [阶段 1] JavaScript 收集器已重置
2026-04-20 12:27:07 [阶段 1] 浦东 区进度：stage=prepare_filters, page=0, collected=0, status=running
2026-04-20 12:27:17 [阶段 1] ERROR: 浦东 区重试2次后仍失败，终止抓取
2026-04-20 12:27:17 [阶段 1] ERROR: 抓取失败：name 'PipelineFailure' is not defined
2026-04-20 12:27:17 [阶段 1] Traceback (most recent call last):
  File "C:\Users\Huawei\.openclaw\workspace\tools\stage1_grab.py", line 1172, in main
    result = collect_district_browser_side(driver, district)
             ^^^^^^^^^^^^^^^^^^^^^^^^^^^^^^^^^^^^^^^^^^^^^^^
  File "C:\Users\Huawei\.openclaw\workspace\tools\stage1_grab.py", line 948, in collect_district_browser_side
    raise RuntimeError(f"district_state_missing: {district['name']}")
RuntimeError: district_state_missing: 浦东

During handling of the above exception, another exception occurred:

Traceback (most recent call last):
  File "C:\Users\Huawei\.openclaw\workspace\tools\stage1_grab.py", line 1226, in main
    result = collect_district_browser_side(driver, district)
             ^^^^^^^^^^^^^^^^^^^^^^^^^^^^^^^^^^^^^^^^^^^^^^^
  File "C:\Users\Huawei\.openclaw\workspace\tools\stage1_grab.py", line 948, in collect_district_browser_side
    raise RuntimeError(f"district_state_missing: {district['name']}")
RuntimeError: district_state_missing: 浦东

During handling of the above exception, another exception occurred:

Traceback (most recent call last):
  File "C:\Users\Huawei\.openclaw\workspace\tools\stage1_grab.py", line 1255, in main
    raise PipelineFailure(f"{district['name']} 区重试{max_retry}次后仍失败：{retry_exc}")
          ^^^^^^^^^^^^^^^
NameError: name 'PipelineFailure' is not defined

2026-04-20 12:27:18 [阶段 1] JavaScript 收集器已重置
2026-04-20 12:27:18 [阶段 1] 浦东 区进度：stage=prepare_filters, page=0, collected=0, status=running
2026-04-20 12:27:28 [阶段 1] 浦东 区进度：stage=sorting, page=0, collected=0, status=running
2026-04-20 12:27:33 [阶段 1] 浦东 区进度：stage=next_page, page=1, collected=30, status=running
2026-04-20 12:27:38 [阶段 1] 浦东 区进度：stage=next_page, page=3, collected=90, status=running
2026-04-20 12:27:43 [阶段 1] 浦东 区进度：stage=next_page, page=5, collected=149, status=running
2026-04-20 12:27:48 [阶段 1] 浦东 区进度：stage=next_page, page=6, collected=179, status=running
2026-04-20 12:27:53 [阶段 1] 浦东 区进度：stage=next_page, page=8, collected=239, status=running
2026-04-20 12:27:58 [阶段 1] 浦东 区进度：stage=next_page, page=10, collected=299, status=running
2026-04-20 12:28:03 [阶段 1] 浦东 区进度：stage=next_page, page=12, collected=359, status=running
2026-04-20 12:28:08 [阶段 1] 浦东 区进度：stage=next_page, page=14, collected=419, status=running
2026-04-20 12:28:13 [阶段 1] 浦东 区进度：stage=next_page, page=16, collected=479, status=running
2026-04-20 12:28:19 [阶段 1] 浦东 区进度：stage=next_page, page=17, collected=509, status=running
2026-04-20 12:28:24 [阶段 1] 浦东 区进度：stage=next_page, page=19, collected=569, status=running
2026-04-20 12:28:29 [阶段 1] 浦东 区进度：stage=next_page, page=21, collected=629, status=running
2026-04-20 12:28:34 [阶段 1] 浦东 区进度：stage=next_page, page=23, collected=689, status=running
2026-04-20 12:28:39 [阶段 1] 浦东 区进度：stage=next_page, page=25, collected=749, status=running
2026-04-20 12:28:44 [阶段 1] 浦东 区进度：stage=next_page, page=27, collected=803, status=running
2026-04-20 12:28:59 [控制] 检查并清理旧进程...
2026-04-20 12:29:00 [控制] 清理旧进程：无旧进程
2026-04-20 12:29:00 [控制] 清理旧锁文件
2026-04-20 12:29:02 [控制] 房源抓取任务启动
2026-04-20 12:29:03 [控制] 执行 阶段 1 抓取（总控重试 1/2）：第 1/1 次
2026-04-20 12:29:04 [阶段 1] ============================================================
2026-04-20 12:29:04 [阶段 1] 开始房源抓取（页面内执行同源 JS 逻辑）
2026-04-20 12:29:04 [阶段 1] 目标 URL: https://house.link.lianjia.com/search/sale/default/gdiv_mt
2026-04-20 12:29:04 [阶段 1] 价格要求：700-10000 万
2026-04-20 12:29:04 [阶段 1] 筛选规则：房源分 >= 6.0 或最近 3 天/小时内
2026-04-20 12:29:04 [阶段 1] 抓取区顺序：浦东、长宁、静安、黄浦、徐汇、普陀、闵行、虹口、杨浦、嘉定
2026-04-20 12:29:04 [阶段 1] 超时保护：整体90分钟，单区15分钟
2026-04-20 12:29:04 [阶段 1] 连接 Chrome...
2026-04-20 12:29:04 [阶段 1] 尝试连接 Chrome 调试端口 (尝试 1/3)...
2026-04-20 12:29:05 [阶段 1] Chrome 连接成功
2026-04-20 12:29:05 [阶段 1] OK: Chrome 连接成功
2026-04-20 12:29:05 [阶段 1] 初始化页面（仅加载一次）...
2026-04-20 12:29:05 [阶段 1] 打开页面：https://house.link.lianjia.com/search/sale/default/gdiv_mt
2026-04-20 12:29:05 [阶段 1] ERROR: 浦东 区重试2次后仍失败，终止抓取
2026-04-20 12:29:05 [阶段 1] ERROR: 抓取失败：name 'PipelineFailure' is not defined
2026-04-20 12:29:06 [阶段 1] Traceback (most recent call last):
  File "C:\Users\Huawei\.openclaw\workspace\tools\stage1_grab.py", line 1172, in main
    result = collect_district_browser_side(driver, district)
             ^^^^^^^^^^^^^^^^^^^^^^^^^^^^^^^^^^^^^^^^^^^^^^^
  File "C:\Users\Huawei\.openclaw\workspace\tools\stage1_grab.py", line 948, in collect_district_browser_side
    raise RuntimeError(f"district_state_missing: {district['name']}")
RuntimeError: district_state_missing: 浦东

During handling of the above exception, another exception occurred:

Traceback (most recent call last):
  File "C:\Users\Huawei\AppData\Local\Programs\Python\Python311\Lib\site-packages\urllib3\connection.py", line 204, in _new_conn
    sock = connection.create_connection(
           ^^^^^^^^^^^^^^^^^^^^^^^^^^^^^
  File "C:\Users\Huawei\AppData\Local\Programs\Python\Python311\Lib\site-packages\urllib3\util\connection.py", line 85, in create_connection
    raise err
  File "C:\Users\Huawei\AppData\Local\Programs\Python\Python311\Lib\site-packages\urllib3\util\connection.py", line 73, in create_connection
    sock.connect(sa)
ConnectionRefusedError: [WinError 10061] 由于目标计算机积极拒绝，无法连接。

The above exception was the direct cause of the following exception:

Traceback (most recent call last):
  File "C:\Users\Huawei\AppData\Local\Programs\Python\Python311\Lib\site-packages\urllib3\connectionpool.py", line 787, in urlopen
    response = self._make_request(
               ^^^^^^^^^^^^^^^^^^^
  File "C:\Users\Huawei\AppData\Local\Programs\Python\Python311\Lib\site-packages\urllib3\connectionpool.py", line 493, in _make_request
    conn.request(
  File "C:\Users\Huawei\AppData\Local\Programs\Python\Python311\Lib\site-packages\urllib3\connection.py", line 500, in request
    self.endheaders()
  File "C:\Users\Huawei\AppData\Local\Programs\Python\Python311\Lib\http\client.py", line 1298, in endheaders
    self._send_output(message_body, encode_chunked=encode_chunked)
  File "C:\Users\Huawei\AppData\Local\Programs\Python\Python311\Lib\http\client.py", line 1058, in _send_output
    self.send(msg)
  File "C:\Users\Huawei\AppData\Local\Programs\Python\Python311\Lib\http\client.py", line 996, in send
    self.connect()
  File "C:\Users\Huawei\AppData\Local\Programs\Python\Python311\Lib\site-packages\urllib3\connection.py", line 331, in connect
    self.sock = self._new_conn()
                ^^^^^^^^^^^^^^^^
  File "C:\Users\Huawei\AppData\Local\Programs\Python\Python311\Lib\site-packages\urllib3\connection.py", line 219, in _new_conn
    raise NewConnectionError(
urllib3.exceptions.NewConnectionError: HTTPConnection(host='localhost', port=51908): Failed to establish a new connection: [WinError 10061] 由于目标计算机积极拒绝，无法连接。

The above exception was the direct cause of the following exception:

Traceback (most recent call last):
  File "C:\Users\Huawei\.openclaw\workspace\tools\stage1_grab.py", line 1226, in main
    result = collect_district_browser_side(driver, district)
             ^^^^^^^^^^^^^^^^^^^^^^^^^^^^^^^^^^^^^^^^^^^^^^^
  File "C:\Users\Huawei\.openclaw\workspace\tools\stage1_grab.py", line 938, in collect_district_browser_side
    state = driver.execute_script(
            ^^^^^^^^^^^^^^^^^^^^^^
  File "C:\Users\Huawei\AppData\Local\Programs\Python\Python311\Lib\site-packages\selenium\webdriver\remote\webdriver.py", line 532, in execute_script
    return self.execute(command, {"script": script, "args": converted_args})["value"]
           ^^^^^^^^^^^^^^^^^^^^^^^^^^^^^^^^^^^^^^^^^^^^^^^^^^^^^^^^^^^^^^^^^
  File "C:\Users\Huawei\AppData\Local\Programs\Python\Python311\Lib\site-packages\selenium\webdriver\remote\webdriver.py", line 443, in execute
    response = cast(RemoteConnection, self.command_executor).execute(driver_command, params)
               ^^^^^^^^^^^^^^^^^^^^^^^^^^^^^^^^^^^^^^^^^^^^^^^^^^^^^^^^^^^^^^^^^^^^^^^^^^^^^
  File "C:\Users\Huawei\AppData\Local\Programs\Python\Python311\Lib\site-packages\selenium\webdriver\remote\remote_connection.py", line 407, in execute
    return self._request(command_info[0], url, body=data)
           ^^^^^^^^^^^^^^^^^^^^^^^^^^^^^^^^^^^^^^^^^^^^^^
  File "C:\Users\Huawei\AppData\Local\Programs\Python\Python311\Lib\site-packages\selenium\webdriver\remote\remote_connection.py", line 431, in _request
    response = self._conn.request(method, url, body=body, headers=headers, timeout=self._client_config.timeout)
               ^^^^^^^^^^^^^^^^^^^^^^^^^^^^^^^^^^^^^^^^^^^^^^^^^^^^^^^^^^^^^^^^^^^^^^^^^^^^^^^^^^^^^^^^^^^^^^^^
  File "C:\Users\Huawei\AppData\Local\Programs\Python\Python311\Lib\site-packages\urllib3\_request_methods.py", line 143, in request
    return self.request_encode_body(
           ^^^^^^^^^^^^^^^^^^^^^^^^^
  File "C:\Users\Huawei\AppData\Local\Programs\Python\Python311\Lib\site-packages\urllib3\_request_methods.py", line 278, in request_encode_body
    return self.urlopen(method, url, **extra_kw)
           ^^^^^^^^^^^^^^^^^^^^^^^^^^^^^^^^^^^^^
  File "C:\Users\Huawei\AppData\Local\Programs\Python\Python311\Lib\site-packages\urllib3\poolmanager.py", line 457, in urlopen
    response = conn.urlopen(method, u.request_uri, **kw)
               ^^^^^^^^^^^^^^^^^^^^^^^^^^^^^^^^^^^^^^^^^
  File "C:\Users\Huawei\AppData\Local\Programs\Python\Python311\Lib\site-packages\urllib3\connectionpool.py", line 871, in urlopen
    return self.urlopen(
           ^^^^^^^^^^^^^
  File "C:\Users\Huawei\AppData\Local\Programs\Python\Python311\Lib\site-packages\urllib3\connectionpool.py", line 871, in urlopen
    return self.urlopen(
           ^^^^^^^^^^^^^
  File "C:\Users\Huawei\AppData\Local\Programs\Python\Python311\Lib\site-packages\urllib3\connectionpool.py", line 871, in urlopen
    return self.urlopen(
           ^^^^^^^^^^^^^
  File "C:\Users\Huawei\AppData\Local\Programs\Python\Python311\Lib\site-packages\urllib3\connectionpool.py", line 841, in urlopen
    retries = retries.increment(
              ^^^^^^^^^^^^^^^^^^
  File "C:\Users\Huawei\AppData\Local\Programs\Python\Python311\Lib\site-packages\urllib3\util\retry.py", line 535, in increment
    raise MaxRetryError(_pool, url, reason) from reason  # type: ignore[arg-type]
    ^^^^^^^^^^^^^^^^^^^^^^^^^^^^^^^^^^^^^^^^^^^^^^^^^^^
urllib3.exceptions.MaxRetryError: HTTPConnectionPool(host='localhost', port=51908): Max retries exceeded with url: /session/99eb599e60443624d13483c4f5f2ceaa/execute/sync (Caused by NewConnectionError("HTTPConnection(host='localhost', port=51908): Failed to establish a new connection: [WinError 10061] 由于目标计算机积极拒绝，无法连接。"))

During handling of the above exception, another exception occurred:

Traceback (most recent call last):
  File "C:\Users\Huawei\.openclaw\workspace\tools\stage1_grab.py", line 1255, in main
    raise RuntimeError(f"{district['name']} 区重试{max_retry}次后仍失败：{retry_exc}")
          ^^^^^^^^^^^^^^^
NameError: name 'PipelineFailure' is not defined

2026-04-20 12:29:06 [阶段 1] 页面就绪，开始逐区抓取
2026-04-20 12:29:06 [阶段 1] 重新加载页面，准备抓取浦东区 (1/10)
2026-04-20 12:29:10 [阶段 1] JavaScript 收集器已重置
2026-04-20 12:29:10 [阶段 1] 开始处理 浦东 区 (1/10)
2026-04-20 12:29:10 [阶段 1] 浦东 区进度：stage=prepare_filters, page=0, collected=0, status=running
2026-04-20 12:29:21 [阶段 1] 浦东 区进度：stage=sorting, page=0, collected=0, status=running
2026-04-20 12:29:31 [阶段 1] 浦东 区进度：stage=next_page, page=2, collected=60, status=running
2026-04-20 12:29:36 [阶段 1] 浦东 区进度：stage=next_page, page=4, collected=120, status=running
2026-04-20 12:29:41 [阶段 1] 浦东 区进度：stage=next_page, page=6, collected=179, status=running
2026-04-20 12:29:46 [阶段 1] 浦东 区进度：stage=next_page, page=8, collected=239, status=running
2026-04-20 12:29:51 [阶段 1] 浦东 区进度：stage=next_page, page=10, collected=299, status=running
2026-04-20 12:29:56 [阶段 1] 浦东 区进度：stage=next_page, page=12, collected=359, status=running
2026-04-20 12:30:01 [阶段 1] 浦东 区进度：stage=next_page, page=14, collected=419, status=running
2026-04-20 12:30:06 [阶段 1] 浦东 区进度：stage=next_page, page=16, collected=479, status=running
2026-04-20 12:30:11 [阶段 1] 浦东 区进度：stage=next_page, page=18, collected=539, status=running
2026-04-20 12:30:16 [阶段 1] 浦东 区进度：stage=next_page, page=20, collected=599, status=running
2026-04-20 12:30:21 [阶段 1] 浦东 区进度：stage=next_page, page=21, collected=629, status=running
2026-04-20 12:30:26 [阶段 1] 浦东 区进度：stage=next_page, page=23, collected=689, status=running
2026-04-20 12:30:31 [阶段 1] 浦东 区进度：stage=next_page, page=25, collected=749, status=running
2026-04-20 12:30:36 [阶段 1] 浦东 区进度：stage=next_page, page=27, collected=803, status=running
2026-04-20 12:30:41 [阶段 1] 浦东 区进度：stage=next_page, page=29, collected=805, status=running
2026-04-20 12:30:47 [阶段 1] 浦东 区进度：stage=finished, page=30, collected=805, status=done
2026-04-20 12:30:47 [阶段 1] 浦东 区完成：保留 805 套（原始 805 套），页数 30, 停止原因 no_matching_rows, 耗时 1.7分钟
2026-04-20 12:30:48 [阶段 1] 重新加载页面，准备抓取长宁区 (2/10)
2026-04-20 12:30:53 [阶段 1] JavaScript 收集器已重置
2026-04-20 12:30:53 [阶段 1] 开始处理 长宁 区 (2/10)
2026-04-20 12:30:53 [阶段 1] 长宁 区进度：stage=prepare_filters, page=0, collected=0, status=running
2026-04-20 12:31:03 [阶段 1] 长宁 区进度：stage=sorting, page=0, collected=0, status=running
2026-04-20 12:31:13 [阶段 1] 长宁 区进度：stage=next_page, page=2, collected=60, status=running
2026-04-20 12:31:18 [阶段 1] 长宁 区进度：stage=next_page, page=4, collected=120, status=running
2026-04-20 12:31:23 [阶段 1] 长宁 区进度：stage=next_page, page=6, collected=180, status=running
2026-04-20 12:31:28 [阶段 1] 长宁 区进度：stage=next_page, page=8, collected=240, status=running
2026-04-20 12:31:33 [阶段 1] 长宁 区进度：stage=next_page, page=10, collected=260, status=running
2026-04-20 12:31:38 [阶段 1] 长宁 区进度：stage=next_page, page=12, collected=263, status=running
2026-04-20 12:31:43 [阶段 1] 长宁 区进度：stage=next_page, page=14, collected=265, status=running
2026-04-20 12:31:48 [阶段 1] 长宁 区进度：stage=next_page, page=16, collected=267, status=running
2026-04-20 12:31:53 [阶段 1] 长宁 区进度：stage=finished, page=17, collected=267, status=done
2026-04-20 12:31:53 [阶段 1] 长宁 区完成：保留 267 套（原始 267 套），页数 17, 停止原因 no_matching_rows, 耗时 1.1分钟
2026-04-20 12:31:54 [阶段 1] 重新加载页面，准备抓取静安区 (3/10)
2026-04-20 12:31:59 [阶段 1] JavaScript 收集器已重置
2026-04-20 12:31:59 [阶段 1] 开始处理 静安 区 (3/10)
2026-04-20 12:31:59 [阶段 1] 静安 区进度：stage=prepare_filters, page=0, collected=0, status=running
2026-04-20 12:32:09 [阶段 1] 静安 区进度：stage=sorting, page=0, collected=0, status=running
2026-04-20 12:32:19 [阶段 1] 静安 区进度：stage=next_page, page=2, collected=60, status=running
2026-04-20 12:32:24 [阶段 1] 静安 区进度：stage=next_page, page=4, collected=120, status=running
2026-04-20 12:32:29 [阶段 1] 静安 区进度：stage=next_page, page=6, collected=178, status=running
2026-04-20 12:32:34 [阶段 1] 静安 区进度：stage=next_page, page=8, collected=238, status=running
2026-04-20 12:32:39 [阶段 1] 静安 区进度：stage=next_page, page=10, collected=298, status=running
2026-04-20 12:32:44 [阶段 1] 静安 区进度：stage=next_page, page=11, collected=322, status=running
2026-04-20 12:32:49 [阶段 1] 静安 区进度：stage=next_page, page=13, collected=324, status=running
2026-04-20 12:32:54 [阶段 1] 静安 区进度：stage=next_page, page=15, collected=327, status=running
2026-04-20 12:32:59 [阶段 1] 静安 区进度：stage=finished, page=17, collected=328, status=done
2026-04-20 12:32:59 [阶段 1] 静安 区完成：保留 328 套（原始 328 套），页数 17, 停止原因 no_matching_rows, 耗时 1.1分钟
2026-04-20 12:33:01 [阶段 1] 重新加载页面，准备抓取黄浦区 (4/10)
2026-04-20 12:33:05 [阶段 1] JavaScript 收集器已重置
2026-04-20 12:33:05 [阶段 1] 开始处理 黄浦 区 (4/10)
2026-04-20 12:33:05 [阶段 1] 黄浦 区进度：stage=prepare_filters, page=0, collected=0, status=running
2026-04-20 12:33:15 [阶段 1] 黄浦 区进度：stage=sorting, page=0, collected=0, status=running
2026-04-20 12:33:20 [阶段 1] 黄浦 区进度：stage=next_page, page=2, collected=60, status=running
2026-04-20 12:33:25 [阶段 1] 黄浦 区进度：stage=next_page, page=4, collected=120, status=running
2026-04-20 12:33:30 [阶段 1] 黄浦 区进度：stage=next_page, page=6, collected=179, status=running
2026-04-20 12:33:36 [阶段 1] 黄浦 区进度：stage=next_page, page=8, collected=239, status=running
2026-04-20 12:33:41 [阶段 1] 黄浦 区进度：stage=finished, page=10, collected=240, status=done
2026-04-20 12:33:41 [阶段 1] 黄浦 区完成：保留 240 套（原始 240 套），页数 10, 停止原因 no_matching_rows, 耗时 0.7分钟
2026-04-20 12:33:42 [阶段 1] 重新加载页面，准备抓取徐汇区 (5/10)
2026-04-20 12:33:46 [阶段 1] JavaScript 收集器已重置
2026-04-20 12:33:46 [阶段 1] 开始处理 徐汇 区 (5/10)
2026-04-20 12:33:46 [阶段 1] 徐汇 区进度：stage=prepare_filters, page=0, collected=0, status=running
2026-04-20 12:33:56 [阶段 1] 徐汇 区进度：stage=sorting, page=0, collected=0, status=running
2026-04-20 12:34:01 [阶段 1] 徐汇 区进度：stage=next_page, page=2, collected=60, status=running
2026-04-20 12:34:06 [阶段 1] 徐汇 区进度：stage=next_page, page=4, collected=118, status=running
2026-04-20 12:34:11 [阶段 1] 徐汇 区进度：stage=next_page, page=6, collected=178, status=running
2026-04-20 12:34:17 [阶段 1] 徐汇 区进度：stage=next_page, page=8, collected=238, status=running
2026-04-20 12:34:22 [阶段 1] 徐汇 区进度：stage=next_page, page=10, collected=297, status=running
2026-04-20 12:34:27 [阶段 1] 徐汇 区进度：stage=next_page, page=11, collected=309, status=running
2026-04-20 12:34:32 [阶段 1] 徐汇 区进度：stage=finished, page=12, collected=309, status=done
2026-04-20 12:34:32 [阶段 1] 徐汇 区完成：保留 309 套（原始 309 套），页数 12, 停止原因 no_matching_rows, 耗时 0.8分钟
2026-04-20 12:34:33 [阶段 1] 重新加载页面，准备抓取普陀区 (6/10)
2026-04-20 12:34:38 [阶段 1] JavaScript 收集器已重置
2026-04-20 12:34:38 [阶段 1] 开始处理 普陀 区 (6/10)
2026-04-20 12:34:38 [阶段 1] 普陀 区进度：stage=prepare_filters, page=0, collected=0, status=running
2026-04-20 12:34:48 [阶段 1] 普陀 区进度：stage=sorting, page=0, collected=0, status=running
2026-04-20 12:34:53 [阶段 1] 普陀 区进度：stage=next_page, page=2, collected=60, status=running
2026-04-20 12:34:58 [阶段 1] 普陀 区进度：stage=next_page, page=4, collected=120, status=running
2026-04-20 12:35:03 [阶段 1] 普陀 区进度：stage=next_page, page=6, collected=180, status=running
2026-04-20 12:35:09 [阶段 1] 普陀 区进度：stage=next_page, page=8, collected=240, status=running
2026-04-20 12:35:14 [阶段 1] 普陀 区进度：stage=next_page, page=10, collected=274, status=running
2026-04-20 12:35:19 [阶段 1] 普陀 区进度：stage=finished, page=11, collected=274, status=done
2026-04-20 12:35:19 [阶段 1] 普陀 区完成：保留 274 套（原始 274 套），页数 11, 停止原因 no_matching_rows, 耗时 0.8分钟
2026-04-20 12:35:20 [阶段 1] 重新加载页面，准备抓取闵行区 (7/10)
2026-04-20 12:35:25 [阶段 1] JavaScript 收集器已重置
2026-04-20 12:35:25 [阶段 1] 开始处理 闵行 区 (7/10)
2026-04-20 12:35:25 [阶段 1] 闵行 区进度：stage=prepare_filters, page=0, collected=0, status=running
2026-04-20 12:35:35 [阶段 1] 闵行 区进度：stage=sorting, page=0, collected=0, status=running
2026-04-20 12:35:40 [阶段 1] 闵行 区进度：stage=next_page, page=2, collected=60, status=running
2026-04-20 12:35:45 [阶段 1] 闵行 区进度：stage=next_page, page=4, collected=119, status=running
2026-04-20 12:35:50 [阶段 1] 闵行 区进度：stage=next_page, page=6, collected=179, status=running
2026-04-20 12:35:55 [阶段 1] 闵行 区进度：stage=next_page, page=8, collected=239, status=running
2026-04-20 12:36:01 [阶段 1] 闵行 区进度：stage=next_page, page=10, collected=299, status=running
2026-04-20 12:36:06 [阶段 1] 闵行 区进度：stage=next_page, page=12, collected=345, status=running
2026-04-20 12:36:11 [阶段 1] 闵行 区进度：stage=next_page, page=14, collected=347, status=running
2026-04-20 12:36:16 [阶段 1] 闵行 区进度：stage=next_page, page=16, collected=349, status=running
2026-04-20 12:36:21 [阶段 1] 闵行 区进度：stage=finished, page=18, collected=351, status=done
2026-04-20 12:36:21 [阶段 1] 闵行 区完成：保留 351 套（原始 351 套），页数 18, 停止原因 no_matching_rows, 耗时 1.0分钟
2026-04-20 12:36:22 [阶段 1] 重新加载页面，准备抓取虹口区 (8/10)
2026-04-20 12:36:28 [阶段 1] JavaScript 收集器已重置
2026-04-20 12:36:28 [阶段 1] 开始处理 虹口 区 (8/10)
2026-04-20 12:36:28 [阶段 1] 虹口 区进度：stage=prepare_filters, page=0, collected=0, status=running
2026-04-20 12:36:38 [阶段 1] 虹口 区进度：stage=sorting, page=0, collected=0, status=running
2026-04-20 12:36:43 [阶段 1] 虹口 区进度：stage=next_page, page=2, collected=60, status=running
2026-04-20 12:36:48 [阶段 1] 虹口 区进度：stage=next_page, page=4, collected=120, status=running
2026-04-20 12:36:53 [阶段 1] 虹口 区进度：stage=finished, page=6, collected=139, status=done
2026-04-20 12:36:53 [阶段 1] 虹口 区完成：保留 139 套（原始 139 套），页数 6, 停止原因 no_matching_rows, 耗时 0.5分钟
2026-04-20 12:36:55 [阶段 1] 重新加载页面，准备抓取杨浦区 (9/10)
2026-04-20 12:37:00 [阶段 1] JavaScript 收集器已重置
2026-04-20 12:37:00 [阶段 1] 开始处理 杨浦 区 (9/10)
2026-04-20 12:37:00 [阶段 1] 杨浦 区进度：stage=prepare_filters, page=0, collected=0, status=running
2026-04-20 12:37:10 [阶段 1] 杨浦 区进度：stage=sorting, page=0, collected=0, status=running
2026-04-20 12:37:15 [阶段 1] 杨浦 区进度：stage=next_page, page=2, collected=60, status=running
2026-04-20 12:37:20 [阶段 1] 杨浦 区进度：stage=next_page, page=4, collected=120, status=running
2026-04-20 12:37:25 [阶段 1] 杨浦 区进度：stage=next_page, page=6, collected=180, status=running
2026-04-20 12:37:30 [阶段 1] 杨浦 区进度：stage=next_page, page=8, collected=214, status=running
2026-04-20 12:37:35 [阶段 1] 杨浦 区进度：stage=next_page, page=10, collected=218, status=running
2026-04-20 12:37:40 [阶段 1] 杨浦 区进度：stage=next_page, page=11, collected=220, status=running
2026-04-20 12:37:45 [阶段 1] 杨浦 区进度：stage=finished, page=13, collected=221, status=done
2026-04-20 12:37:45 [阶段 1] 杨浦 区完成：保留 221 套（原始 221 套），页数 13, 停止原因 no_matching_rows, 耗时 0.8分钟
2026-04-20 12:37:46 [阶段 1] 重新加载页面，准备抓取嘉定区 (10/10)
2026-04-20 12:37:50 [阶段 1] JavaScript 收集器已重置
2026-04-20 12:37:50 [阶段 1] 开始处理 嘉定 区 (10/10)
2026-04-20 12:37:51 [阶段 1] 嘉定 区进度：stage=prepare_filters, page=0, collected=0, status=running
2026-04-20 12:38:01 [阶段 1] 嘉定 区进度：stage=sorting, page=0, collected=0, status=running
2026-04-20 12:38:06 [阶段 1] 嘉定 区进度：stage=next_page, page=2, collected=36, status=running
2026-04-20 12:38:11 [阶段 1] 嘉定 区进度：stage=finished, page=3, collected=36, status=done
2026-04-20 12:38:11 [阶段 1] 嘉定 区完成：保留 36 套（原始 36 套），页数 3, 停止原因 no_matching_rows, 耗时 0.4分钟
2026-04-20 12:38:12 [阶段 1] ============================================================
2026-04-20 12:38:12 [阶段 1] 抓取完成，共 2970 套房源
2026-04-20 12:38:12 [阶段 1] 总耗时：9.1分钟
2026-04-20 12:38:12 [阶段 1] 平均总价：1108.5 万
2026-04-20 12:38:12 [阶段 1] 平均房源分：7.10
2026-04-20 12:38:12 [阶段 2] 开始数据校验
2026-04-20 12:38:12 [阶段 2] OK: 校验通过（2970 条）
2026-04-20 12:38:12 [阶段 3] 开始保存数据
2026-04-20 12:38:13 [阶段 3] OK: 成功保存 2970 条数据
2026-04-20 12:38:13 [完成] ============================================================
2026-04-20 12:38:13 [完成] 抓取完成，总计 2970 套房源
2026-04-20 12:38:13 [完成] 数据文件：C:\Users\Huawei\.openclaw\workspace\tools\_house_grab_runtime\data.json
2026-04-20 12:38:15 [控制] 阶段 1 抓取（总控重试 1/2） 返回码：0，耗时 551.5 秒
2026-04-20 12:38:15 [控制] 执行 阶段 2 验证（总控重试 1/1）：第 1/1 次
2026-04-20 12:38:15 [控制] 执行 阶段 2 验证：第 1/1 次
2026-04-20 12:38:15 [阶段 2] ==================================================
2026-04-20 12:38:15 [阶段 2] 开始数据校验
2026-04-20 12:38:15 [阶段 2] 校验通过，共 2970 条
2026-04-20 12:38:15 [控制] 阶段 2 验证 返回码：0，耗时 0.3 秒
2026-04-20 12:38:16 [控制] 进度报告已发送
2026-04-20 12:38:16 [控制] 检查目标 Excel 文件占用：daily_followup.xlsm
2026-04-20 12:38:23 [控制] 执行 阶段 3 写入 Excel：第 1/1 次
2026-04-20 12:38:23 [阶段 3] 写入尝试 1/2
2026-04-20 12:38:23 [阶段 3] 开始离线写入 Excel（使用 win32com，保留宏）
2026-04-20 12:38:23 [阶段 3] 读取到 2970 套房源
2026-04-20 12:38:23 [阶段 3] 已备份工作簿：daily_followup.stage3_backup.20260420_123823.xlsm
2026-04-20 12:38:23 [阶段 3] 创建 Excel 实例...
2026-04-20 12:38:25 [阶段 3] 打开工作簿：D:\Unique work form\daily_followup.xlsm
2026-04-20 12:38:34 [阶段 3] 目标工作表：房      源
2026-04-20 12:38:34 [阶段 3] 加载房龄库...
2026-04-20 12:39:12 [阶段 3] 房龄库加载完成：3971 条记录
2026-04-20 12:39:12 [阶段 3] 房龄自动匹配：2811/2970 套
2026-04-20 12:39:12 [阶段 3] 清空旧数据区域：第 4 行到第 9333 行
2026-04-20 12:39:12 [阶段 3] 开始写入新数据...
2026-04-20 12:39:12 [阶段 3] 表头已存在（行政区），跳过表头写入
2026-04-20 12:41:12 [阶段 3] 已写入 200/2970 行
2026-04-20 13:17:31 [控制] 检查并清理旧进程...
2026-04-20 13:17:32 [控制] 清理旧进程：无旧进程
2026-04-20 13:17:32 [控制] 清理旧锁文件
2026-04-20 13:17:34 [控制] 房源抓取任务启动
2026-04-20 13:17:35 [控制] 执行 阶段 1 抓取（总控重试 1/2）：第 1/1 次
2026-04-20 13:17:36 [阶段 1] ============================================================
2026-04-20 13:17:36 [阶段 1] 开始房源抓取（页面内执行同源 JS 逻辑）
2026-04-20 13:17:36 [阶段 1] 目标 URL: https://house.link.lianjia.com/search/sale/default/gdiv_mt
2026-04-20 13:17:36 [阶段 1] 价格要求：700-10000 万
2026-04-20 13:17:36 [阶段 1] 筛选规则：房源分 >= 6.0 或最近 3 天/小时内
2026-04-20 13:17:36 [阶段 1] 抓取区顺序：浦东、长宁、静安、黄浦、徐汇、普陀、闵行、虹口、杨浦、嘉定
2026-04-20 13:17:36 [阶段 1] 超时保护：整体90分钟，单区15分钟
2026-04-20 13:17:38 [阶段 1] 未检测到调试 Chrome，准备自动启动专用调试窗口
2026-04-20 13:18:23 [阶段 1] ERROR: 启动调试 Chrome 失败：Command '['powershell', '-ExecutionPolicy', 'Bypass', '-File', 'C:\\Users\\Huawei\\.openclaw\\workspace\\tools\\start_chrome_worker.ps1']' timed out after 45 seconds
2026-04-20 13:18:23 [阶段 1] 普通启动失败，尝试清理旧的调试窗口后重启
2026-04-20 13:19:08 [阶段 1] ERROR: 启动调试 Chrome 失败：Command '['powershell', '-ExecutionPolicy', 'Bypass', '-File', 'C:\\Users\\Huawei\\.openclaw\\workspace\\tools\\start_chrome_worker.ps1', '-Force']' timed out after 45 seconds
2026-04-20 13:19:08 [阶段 1] ERROR: Chrome 调试端口 9222 未开启
2026-04-20 13:19:08 [阶段 1] 提示：请在专用调试窗口中打开链家页面并完成登录
2026-04-20 13:19:08 [控制] 阶段 1 抓取（总控重试 1/2） 返回码：1，耗时 92.7 秒
2026-04-20 13:19:08 [控制] 阶段 1 抓取（总控重试 1/2） 失败，10 秒后整轮重抓
2026-04-20 13:19:18 [控制] 执行 阶段 1 抓取（总控重试 2/2）：第 1/1 次
2026-04-20 13:19:18 [阶段 1] ============================================================
2026-04-20 13:19:18 [阶段 1] 开始房源抓取（页面内执行同源 JS 逻辑）
2026-04-20 13:19:18 [阶段 1] 目标 URL: https://house.link.lianjia.com/search/sale/default/gdiv_mt
2026-04-20 13:19:18 [阶段 1] 价格要求：700-10000 万
2026-04-20 13:19:18 [阶段 1] 筛选规则：房源分 >= 6.0 或最近 3 天/小时内
2026-04-20 13:19:18 [阶段 1] 抓取区顺序：浦东、长宁、静安、黄浦、徐汇、普陀、闵行、虹口、杨浦、嘉定
2026-04-20 13:19:18 [阶段 1] 超时保护：整体90分钟，单区15分钟
2026-04-20 13:19:20 [阶段 1] 未检测到调试 Chrome，准备自动启动专用调试窗口
2026-04-20 13:20:05 [阶段 1] ERROR: 启动调试 Chrome 失败：Command '['powershell', '-ExecutionPolicy', 'Bypass', '-File', 'C:\\Users\\Huawei\\.openclaw\\workspace\\tools\\start_chrome_worker.ps1']' timed out after 45 seconds
2026-04-20 13:20:05 [阶段 1] 普通启动失败，尝试清理旧的调试窗口后重启
2026-04-20 13:20:11 [控制] 检查并清理旧进程...
2026-04-20 13:20:12 [控制] 清理旧进程：无旧进程
2026-04-20 13:20:12 [控制] 清理旧锁文件
2026-04-20 13:20:14 [控制] 房源抓取任务启动
2026-04-20 13:20:15 [控制] 执行 阶段 1 抓取（总控重试 1/2）：第 1/1 次
2026-04-20 13:20:15 [阶段 1] ============================================================
2026-04-20 13:20:15 [阶段 1] 开始房源抓取（页面内执行同源 JS 逻辑）
2026-04-20 13:20:15 [阶段 1] 目标 URL: https://house.link.lianjia.com/search/sale/default/gdiv_mt
2026-04-20 13:20:15 [阶段 1] 价格要求：700-10000 万
2026-04-20 13:20:15 [阶段 1] 筛选规则：房源分 >= 6.0 或最近 3 天/小时内
2026-04-20 13:20:15 [阶段 1] 抓取区顺序：浦东、长宁、静安、黄浦、徐汇、普陀、闵行、虹口、杨浦、嘉定
2026-04-20 13:20:15 [阶段 1] 超时保护：整体90分钟，单区15分钟
2026-04-20 13:20:17 [阶段 1] 未检测到调试 Chrome，准备自动启动专用调试窗口
2026-04-20 13:20:50 [阶段 1] ERROR: 启动调试 Chrome 失败：Command '['powershell', '-ExecutionPolicy', 'Bypass', '-File', 'C:\\Users\\Huawei\\.openclaw\\workspace\\tools\\start_chrome_worker.ps1', '-Force']' timed out after 45 seconds
2026-04-20 13:20:50 [阶段 1] ERROR: Chrome 调试端口 9222 未开启
2026-04-20 13:20:50 [阶段 1] 提示：请在专用调试窗口中打开链家页面并完成登录
2026-04-20 13:21:02 [阶段 1] ERROR: 启动调试 Chrome 失败：Command '['powershell', '-ExecutionPolicy', 'Bypass', '-File', 'C:\\Users\\Huawei\\.openclaw\\workspace\\tools\\start_chrome_worker.ps1']' timed out after 45 seconds
2026-04-20 13:21:02 [阶段 1] 普通启动失败，尝试清理旧的调试窗口后重启
2026-04-20 13:21:47 [阶段 1] ERROR: 启动调试 Chrome 失败：Command '['powershell', '-ExecutionPolicy', 'Bypass', '-File', 'C:\\Users\\Huawei\\.openclaw\\workspace\\tools\\start_chrome_worker.ps1', '-Force']' timed out after 45 seconds
2026-04-20 13:21:47 [阶段 1] ERROR: Chrome 调试端口 9222 未开启
2026-04-20 13:21:47 [阶段 1] 提示：请在专用调试窗口中打开链家页面并完成登录
2026-04-20 13:21:47 [控制] 阶段 1 抓取（总控重试 1/2） 返回码：1，耗时 92.6 秒
2026-04-20 13:21:47 [控制] 阶段 1 抓取（总控重试 1/2） 失败，10 秒后整轮重抓
2026-04-20 13:21:57 [控制] 执行 阶段 1 抓取（总控重试 2/2）：第 1/1 次
2026-04-20 13:21:58 [阶段 1] ============================================================
2026-04-20 13:21:58 [阶段 1] 开始房源抓取（页面内执行同源 JS 逻辑）
2026-04-20 13:21:58 [阶段 1] 目标 URL: https://house.link.lianjia.com/search/sale/default/gdiv_mt
2026-04-20 13:21:58 [阶段 1] 价格要求：700-10000 万
2026-04-20 13:21:58 [阶段 1] 筛选规则：房源分 >= 6.0 或最近 3 天/小时内
2026-04-20 13:21:58 [阶段 1] 抓取区顺序：浦东、长宁、静安、黄浦、徐汇、普陀、闵行、虹口、杨浦、嘉定
2026-04-20 13:21:58 [阶段 1] 超时保护：整体90分钟，单区15分钟
2026-04-20 13:22:00 [阶段 1] 未检测到调试 Chrome，准备自动启动专用调试窗口
2026-04-20 13:22:07 [阶段 1] 调试启动输出：Starting Chrome with debugger...
Waiting for Chrome debugger port...
2026-04-20 13:22:07 [阶段 1] 普通启动失败，尝试清理旧的调试窗口后重启
2026-04-20 13:22:52 [阶段 1] ERROR: 启动调试 Chrome 失败：Command '['powershell', '-ExecutionPolicy', 'Bypass', '-File', 'C:\\Users\\Huawei\\.openclaw\\workspace\\tools\\start_chrome_worker.ps1', '-Force']' timed out after 45 seconds
2026-04-20 13:22:52 [阶段 1] ERROR: Chrome 调试端口 9222 未开启
2026-04-20 13:22:52 [阶段 1] 提示：请在专用调试窗口中打开链家页面并完成登录
2026-04-20 13:22:52 [控制] 阶段 1 抓取（总控重试 2/2） 返回码：1，耗时 54.5 秒
2026-04-20 13:22:54 [控制] Telegram 通知已发送
2026-04-20 14:52:01 [控制] 检查并清理旧进程...
2026-04-20 14:52:02 [控制] 清理旧进程：无旧进程
2026-04-20 14:52:04 [控制] 房源抓取任务启动
2026-04-20 14:52:05 [控制] 执行 阶段 1 抓取（总控重试 1/2）：第 1/1 次
2026-04-20 14:52:06 [阶段 1] ============================================================
2026-04-20 14:52:06 [阶段 1] 开始房源抓取（页面内执行同源 JS 逻辑）
2026-04-20 14:52:06 [阶段 1] 目标 URL: https://house.link.lianjia.com/search/sale/default/gdiv_mt
2026-04-20 14:52:06 [阶段 1] 价格要求：700-10000 万
2026-04-20 14:52:06 [阶段 1] 筛选规则：房源分 >= 6.0 或最近 3 天/小时内
2026-04-20 14:52:06 [阶段 1] 抓取区顺序：浦东、长宁、静安、黄浦、徐汇、普陀、闵行、虹口、杨浦、嘉定
2026-04-20 14:52:06 [阶段 1] 超时保护：整体90分钟，单区15分钟
2026-04-20 14:52:08 [阶段 1] 未检测到调试 Chrome，准备自动启动专用调试窗口
2026-04-20 14:52:11 [阶段 1] 调试启动输出：Starting Chrome with debugger...
Waiting for Chrome debugger port...
DEBUG_PORT_READY:9222
Chrome started successfully on port 9222
2026-04-20 14:52:11 [阶段 1] OK: 调试 Chrome 已启动，将复用 D:\Unique work form\ChromeDebugProfile
2026-04-20 14:52:11 [阶段 1] 提示：浏览器窗口已打开，请勿手动关闭
2026-04-20 14:52:11 [阶段 1] 连接 Chrome...
2026-04-20 14:52:11 [阶段 1] 尝试连接 Chrome 调试端口 (尝试 1/3)...
2026-04-20 14:52:14 [阶段 1] Chrome 连接成功
2026-04-20 14:52:14 [阶段 1] OK: Chrome 连接成功
2026-04-20 14:52:14 [阶段 1] 初始化页面（仅加载一次）...
2026-04-20 14:52:14 [阶段 1] 打开页面：https://house.link.lianjia.com/search/sale/default/gdiv_mt
2026-04-20 14:52:16 [阶段 1] 检测到登录页，等待你在专用调试窗口完成扫码登录...
2026-04-20 14:52:35 [阶段 1] 页面还在加载或切换中，继续等待列表出现...
2026-04-20 14:52:37 [阶段 1] 页面就绪，开始逐区抓取
2026-04-20 14:52:37 [阶段 1] 重新加载页面，准备抓取浦东区 (1/10)
2026-04-20 14:52:42 [阶段 1] JavaScript 收集器已重置
2026-04-20 14:52:42 [阶段 1] 开始处理 浦东 区 (1/10)
2026-04-20 14:52:42 [阶段 1] 浦东 区进度：stage=prepare_filters, page=0, collected=0, status=running
2026-04-20 14:52:57 [阶段 1] 浦东 区进度：stage=sorting, page=0, collected=0, status=running
2026-04-20 14:53:02 [阶段 1] 浦东 区进度：stage=next_page, page=2, collected=60, status=running
2026-04-20 14:53:07 [阶段 1] 浦东 区进度：stage=next_page, page=3, collected=90, status=running
2026-04-20 14:53:12 [阶段 1] 浦东 区进度：stage=next_page, page=4, collected=120, status=running
2026-04-20 14:53:17 [阶段 1] 浦东 区进度：stage=next_page, page=5, collected=149, status=running
2026-04-20 14:53:22 [阶段 1] 浦东 区进度：stage=next_page, page=7, collected=209, status=running
2026-04-20 14:53:27 [阶段 1] 浦东 区进度：stage=next_page, page=8, collected=239, status=running
2026-04-20 14:53:32 [阶段 1] 浦东 区进度：stage=next_page, page=9, collected=269, status=running
2026-04-20 14:53:37 [阶段 1] 浦东 区进度：stage=next_page, page=10, collected=299, status=running
2026-04-20 14:53:42 [阶段 1] 浦东 区进度：stage=next_page, page=12, collected=359, status=running
2026-04-20 14:53:47 [阶段 1] 浦东 区进度：stage=next_page, page=13, collected=389, status=running
2026-04-20 14:53:52 [阶段 1] 浦东 区进度：stage=next_page, page=14, collected=419, status=running
2026-04-20 14:53:57 [阶段 1] 浦东 区进度：stage=next_page, page=15, collected=449, status=running
2026-04-20 14:54:02 [阶段 1] 浦东 区进度：stage=next_page, page=16, collected=479, status=running
2026-04-20 14:54:47 [阶段 1] 浦东 区进度：stage=next_page, page=17, collected=509, status=running
2026-04-20 14:57:47 [阶段 1] 浦东 区进度：stage=next_page, page=18, collected=539, status=running
2026-04-20 15:00:48 [阶段 1] 浦东 区进度：stage=next_page, page=19, collected=569, status=running
2026-04-20 15:03:48 [阶段 1] 浦东 区进度：stage=next_page, page=20, collected=599, status=running
2026-04-20 15:05:18 [阶段 1] 浦东 区进度：stage=next_page, page=21, collected=629, status=running
2026-04-20 15:05:23 [阶段 1] 浦东 区进度：stage=next_page, page=22, collected=659, status=running
2026-04-20 15:05:28 [阶段 1] 浦东 区进度：stage=next_page, page=23, collected=689, status=running
2026-04-20 15:05:33 [阶段 1] 浦东 区进度：stage=next_page, page=24, collected=719, status=running
2026-04-20 15:05:38 [阶段 1] 浦东 区进度：stage=next_page, page=26, collected=779, status=running
2026-04-20 15:05:43 [阶段 1] 浦东 区进度：stage=next_page, page=27, collected=800, status=running
2026-04-20 15:05:48 [阶段 1] 浦东 区进度：stage=finished, page=28, collected=800, status=done
2026-04-20 15:05:48 [阶段 1] 浦东 区完成：保留 800 套（原始 800 套），页数 28, 停止原因 no_matching_rows, 耗时 13.2分钟
2026-04-20 15:05:50 [阶段 1] 重新加载页面，准备抓取长宁区 (2/10)
2026-04-20 15:05:54 [阶段 1] JavaScript 收集器已重置
2026-04-20 15:05:54 [阶段 1] 开始处理 长宁 区 (2/10)
2026-04-20 15:05:54 [阶段 1] 长宁 区进度：stage=prepare_filters, page=0, collected=0, status=running
2026-04-20 15:06:04 [阶段 1] 长宁 区进度：stage=sorting, page=0, collected=0, status=running
2026-04-20 15:06:09 [阶段 1] 长宁 区进度：stage=next_page, page=1, collected=30, status=running
2026-04-20 15:06:14 [阶段 1] 长宁 区进度：stage=next_page, page=2, collected=60, status=running
2026-04-20 15:06:19 [阶段 1] 长宁 区进度：stage=next_page, page=3, collected=90, status=running
2026-04-20 15:06:24 [阶段 1] 长宁 区进度：stage=next_page, page=4, collected=120, status=running
2026-04-20 15:06:29 [阶段 1] 长宁 区进度：stage=next_page, page=6, collected=180, status=running
2026-04-20 15:06:34 [阶段 1] 长宁 区进度：stage=next_page, page=7, collected=210, status=running
2026-04-20 15:06:39 [阶段 1] 长宁 区进度：stage=next_page, page=8, collected=239, status=running
2026-04-20 15:06:44 [阶段 1] 长宁 区进度：stage=next_page, page=9, collected=257, status=running
2026-04-20 15:06:49 [阶段 1] 长宁 区进度：stage=next_page, page=11, collected=259, status=running
2026-04-20 15:07:05 [控制] 阶段 1 抓取（总控重试 1/2） 超时（900 秒），强制终止
2026-04-20 15:07:05 [控制] 阶段 1 抓取（总控重试 1/2） 失败，10 秒后整轮重抓
2026-04-20 15:07:15 [控制] 执行 阶段 1 抓取（总控重试 2/2）：第 1/1 次
2026-04-20 15:07:16 [阶段 1] ============================================================
2026-04-20 15:07:16 [阶段 1] 开始房源抓取（页面内执行同源 JS 逻辑）
2026-04-20 15:07:16 [阶段 1] 目标 URL: https://house.link.lianjia.com/search/sale/default/gdiv_mt
2026-04-20 15:07:16 [阶段 1] 价格要求：700-10000 万
2026-04-20 15:07:16 [阶段 1] 筛选规则：房源分 >= 6.0 或最近 3 天/小时内
2026-04-20 15:07:16 [阶段 1] 抓取区顺序：浦东、长宁、静安、黄浦、徐汇、普陀、闵行、虹口、杨浦、嘉定
2026-04-20 15:07:16 [阶段 1] 超时保护：整体90分钟，单区15分钟
2026-04-20 15:07:16 [阶段 1] 连接 Chrome...
2026-04-20 15:07:16 [阶段 1] 尝试连接 Chrome 调试端口 (尝试 1/3)...
2026-04-20 15:07:17 [阶段 1] Chrome 连接成功
2026-04-20 15:07:17 [阶段 1] OK: Chrome 连接成功
2026-04-20 15:07:17 [阶段 1] 初始化页面（仅加载一次）...
2026-04-20 15:07:17 [阶段 1] 打开页面：https://house.link.lianjia.com/search/sale/default/gdiv_mt
2026-04-20 15:07:19 [阶段 1] 页面就绪，开始逐区抓取
2026-04-20 15:07:19 [阶段 1] 重新加载页面，准备抓取浦东区 (1/10)
2026-04-20 15:07:23 [阶段 1] JavaScript 收集器已重置
2026-04-20 15:07:23 [阶段 1] 开始处理 浦东 区 (1/10)
2026-04-20 15:07:23 [阶段 1] 浦东 区进度：stage=prepare_filters, page=0, collected=0, status=running
2026-04-20 15:07:38 [阶段 1] 浦东 区进度：stage=sorting, page=0, collected=0, status=running
2026-04-20 15:07:43 [阶段 1] 浦东 区进度：stage=next_page, page=1, collected=30, status=running
2026-04-20 15:07:48 [阶段 1] 浦东 区进度：stage=next_page, page=3, collected=90, status=running
2026-04-20 15:07:56 [阶段 1] 浦东 区进度：stage=next_page, page=4, collected=120, status=running
2026-04-20 15:08:06 [阶段 1] 浦东 区进度：stage=next_page, page=5, collected=149, status=running
2026-04-20 15:08:11 [阶段 1] 浦东 区进度：stage=next_page, page=6, collected=179, status=running
2026-04-20 15:08:16 [阶段 1] 浦东 区进度：stage=next_page, page=8, collected=239, status=running
2026-04-20 15:09:46 [阶段 1] 浦东 区进度：stage=next_page, page=9, collected=269, status=running
2026-04-20 15:12:47 [阶段 1] 浦东 区进度：stage=next_page, page=10, collected=299, status=running
2026-04-20 15:15:47 [阶段 1] 浦东 区进度：stage=next_page, page=11, collected=329, status=running
2026-04-20 15:17:07 [阶段 1] 浦东 区进度：stage=next_page, page=12, collected=359, status=running
2026-04-20 15:17:12 [阶段 1] 浦东 区进度：stage=next_page, page=14, collected=419, status=running
2026-04-20 15:17:17 [阶段 1] 浦东 区进度：stage=next_page, page=16, collected=479, status=running
2026-04-20 15:17:22 [阶段 1] 浦东 区进度：stage=next_page, page=18, collected=539, status=running
2026-04-20 15:17:27 [阶段 1] 浦东 区进度：stage=next_page, page=19, collected=569, status=running
2026-04-20 15:17:32 [阶段 1] 浦东 区进度：stage=next_page, page=20, collected=599, status=running
2026-04-20 15:17:37 [阶段 1] 浦东 区进度：stage=next_page, page=21, collected=629, status=running
2026-04-20 15:17:42 [阶段 1] 浦东 区进度：stage=next_page, page=23, collected=689, status=running
2026-04-20 15:17:47 [阶段 1] 浦东 区进度：stage=next_page, page=24, collected=719, status=running
2026-04-20 15:17:52 [阶段 1] 浦东 区进度：stage=next_page, page=25, collected=749, status=running
2026-04-20 15:17:57 [阶段 1] 浦东 区进度：stage=next_page, page=26, collected=779, status=running
2026-04-20 15:18:02 [阶段 1] 浦东 区进度：stage=finished, page=28, collected=800, status=done
2026-04-20 15:18:02 [阶段 1] 浦东 区完成：保留 800 套（原始 800 套），页数 28, 停止原因 no_matching_rows, 耗时 10.7分钟
2026-04-20 15:18:03 [阶段 1] 重新加载页面，准备抓取长宁区 (2/10)
2026-04-20 15:18:08 [阶段 1] JavaScript 收集器已重置
2026-04-20 15:18:08 [阶段 1] 开始处理 长宁 区 (2/10)
2026-04-20 15:18:08 [阶段 1] 长宁 区进度：stage=prepare_filters, page=0, collected=0, status=running
2026-04-20 15:18:23 [阶段 1] 长宁 区进度：stage=sorting, page=0, collected=0, status=running
2026-04-20 15:18:28 [阶段 1] 长宁 区进度：stage=next_page, page=2, collected=60, status=running
2026-04-20 15:18:33 [阶段 1] 长宁 区进度：stage=next_page, page=3, collected=90, status=running
2026-04-20 15:18:38 [阶段 1] 长宁 区进度：stage=next_page, page=4, collected=120, status=running
2026-04-20 15:18:43 [阶段 1] 长宁 区进度：stage=next_page, page=5, collected=150, status=running
2026-04-20 15:18:48 [阶段 1] 长宁 区进度：stage=next_page, page=7, collected=210, status=running
2026-04-20 15:18:53 [阶段 1] 长宁 区进度：stage=next_page, page=8, collected=239, status=running
2026-04-20 15:18:58 [阶段 1] 长宁 区进度：stage=next_page, page=9, collected=257, status=running
2026-04-20 15:19:03 [阶段 1] 长宁 区进度：stage=next_page, page=10, collected=258, status=running
2026-04-20 15:19:18 [阶段 1] 长宁 区进度：stage=next_page, page=12, collected=261, status=running
2026-04-20 15:19:23 [阶段 1] 长宁 区进度：stage=next_page, page=14, collected=263, status=running
2026-04-20 15:19:28 [阶段 1] 长宁 区进度：stage=next_page, page=16, collected=265, status=running
2026-04-20 15:19:33 [阶段 1] 长宁 区进度：stage=next_page, page=18, collected=267, status=running
2026-04-20 15:19:38 [阶段 1] 长宁 区进度：stage=next_page, page=19, collected=271, status=running
2026-04-20 15:19:43 [阶段 1] 长宁 区进度：stage=next_page, page=21, collected=273, status=running
2026-04-20 15:19:48 [阶段 1] 长宁 区进度：stage=next_page, page=23, collected=275, status=running
2026-04-20 15:19:53 [阶段 1] 长宁 区进度：stage=finished, page=25, collected=277, status=done
2026-04-20 15:19:53 [阶段 1] 长宁 区完成：保留 277 套（原始 277 套），页数 25, 停止原因 no_matching_rows, 耗时 1.8分钟
2026-04-20 15:19:55 [阶段 1] 重新加载页面，准备抓取静安区 (3/10)
2026-04-20 15:20:00 [阶段 1] JavaScript 收集器已重置
2026-04-20 15:20:00 [阶段 1] 开始处理 静安 区 (3/10)
2026-04-20 15:20:00 [阶段 1] 静安 区进度：stage=prepare_filters, page=0, collected=0, status=running
2026-04-20 15:20:10 [阶段 1] 静安 区进度：stage=sorting, page=0, collected=0, status=running
2026-04-20 15:20:15 [阶段 1] 静安 区进度：stage=next_page, page=2, collected=60, status=running
2026-04-20 15:20:20 [阶段 1] 静安 区进度：stage=next_page, page=4, collected=120, status=running
2026-04-20 15:20:25 [阶段 1] 静安 区进度：stage=next_page, page=6, collected=178, status=running
2026-04-20 15:20:30 [阶段 1] 静安 区进度：stage=next_page, page=8, collected=238, status=running
2026-04-20 15:20:35 [阶段 1] 静安 区进度：stage=next_page, page=10, collected=298, status=running
2026-04-20 15:20:40 [阶段 1] 静安 区进度：stage=next_page, page=12, collected=322, status=running
2026-04-20 15:20:45 [阶段 1] 静安 区进度：stage=next_page, page=14, collected=324, status=running
2026-04-20 15:20:50 [阶段 1] 静安 区进度：stage=next_page, page=16, collected=327, status=running
2026-04-20 15:20:55 [阶段 1] 静安 区进度：stage=next_page, page=18, collected=329, status=running
2026-04-20 15:21:00 [阶段 1] 静安 区进度：stage=finished, page=20, collected=330, status=done
2026-04-20 15:21:00 [阶段 1] 静安 区完成：保留 330 套（原始 330 套），页数 20, 停止原因 no_matching_rows, 耗时 1.1分钟
2026-04-20 15:21:01 [阶段 1] 重新加载页面，准备抓取黄浦区 (4/10)
2026-04-20 15:21:06 [阶段 1] JavaScript 收集器已重置
2026-04-20 15:21:06 [阶段 1] 开始处理 黄浦 区 (4/10)
2026-04-20 15:21:06 [阶段 1] 黄浦 区进度：stage=prepare_filters, page=0, collected=0, status=running
2026-04-20 15:21:16 [阶段 1] 黄浦 区进度：stage=sorting, page=0, collected=0, status=running
2026-04-20 15:21:21 [阶段 1] 黄浦 区进度：stage=next_page, page=2, collected=60, status=running
2026-04-20 15:21:26 [阶段 1] 黄浦 区进度：stage=next_page, page=4, collected=120, status=running
2026-04-20 15:21:31 [阶段 1] 黄浦 区进度：stage=next_page, page=6, collected=180, status=running
2026-04-20 15:21:36 [阶段 1] 黄浦 区进度：stage=next_page, page=8, collected=240, status=running
2026-04-20 15:21:41 [阶段 1] 黄浦 区进度：stage=finished, page=9, collected=240, status=done
2026-04-20 15:21:41 [阶段 1] 黄浦 区完成：保留 240 套（原始 240 套），页数 9, 停止原因 no_matching_rows, 耗时 0.7分钟
2026-04-20 15:21:42 [阶段 1] 重新加载页面，准备抓取徐汇区 (5/10)
2026-04-20 15:21:47 [阶段 1] JavaScript 收集器已重置
2026-04-20 15:21:47 [阶段 1] 开始处理 徐汇 区 (5/10)
2026-04-20 15:21:47 [阶段 1] 徐汇 区进度：stage=prepare_filters, page=0, collected=0, status=running
2026-04-20 15:21:57 [阶段 1] 徐汇 区进度：stage=sorting, page=0, collected=0, status=running
2026-04-20 15:22:02 [阶段 1] 徐汇 区进度：stage=next_page, page=2, collected=60, status=running
2026-04-20 15:22:07 [阶段 1] 徐汇 区进度：stage=next_page, page=4, collected=118, status=running
2026-04-20 15:22:12 [阶段 1] 徐汇 区进度：stage=next_page, page=6, collected=178, status=running
2026-04-20 15:22:15 [控制] 阶段 1 抓取（总控重试 2/2） 超时（900 秒），强制终止
2026-04-20 15:22:17 [控制] Telegram 通知已发送
2026-04-20 16:37:58 [控制] 检查并清理旧进程...
2026-04-20 16:37:59 [控制] 清理旧进程：无旧进程
2026-04-20 16:38:01 [控制] 房源抓取任务启动
2026-04-20 16:38:02 [控制] 执行 阶段 1 抓取（总控重试 1/2）：第 1/1 次
2026-04-20 16:38:03 [阶段 1] ============================================================
2026-04-20 16:38:03 [阶段 1] 开始房源抓取（页面内执行同源 JS 逻辑）
2026-04-20 16:38:03 [阶段 1] 目标 URL: https://house.link.lianjia.com/search/sale/default/gdiv_mt
2026-04-20 16:38:03 [阶段 1] 价格要求：700-10000 万
2026-04-20 16:38:03 [阶段 1] 筛选规则：房源分 >= 6.0 或最近 3 天/小时内
2026-04-20 16:38:03 [阶段 1] 抓取区顺序：浦东、长宁、静安、黄浦、徐汇、普陀、闵行、虹口、杨浦、嘉定
2026-04-20 16:38:03 [阶段 1] 超时保护：整体90分钟，单区15分钟
2026-04-20 16:38:03 [阶段 1] 连接 Chrome...
2026-04-20 16:38:03 [阶段 1] 尝试连接 Chrome 调试端口 (尝试 1/3)...
2026-04-20 16:38:06 [阶段 1] Chrome 连接成功
2026-04-20 16:38:06 [阶段 1] OK: Chrome 连接成功
2026-04-20 16:38:06 [阶段 1] 初始化页面（仅加载一次）...
2026-04-20 16:38:06 [阶段 1] 打开页面：https://house.link.lianjia.com/search/sale/default/gdiv_mt
2026-04-20 16:38:11 [阶段 1] 页面还在加载或切换中，继续等待列表出现...
2026-04-20 16:38:58 [控制] 检查并清理旧进程...
2026-04-20 16:38:58 [控制] 清理进程警告：[Errno 2] No such file or directory: 'powershell'
2026-04-20 16:38:58 [控制] 清理旧锁文件
2026-04-20 16:39:00 [控制] 房源抓取任务启动
2026-04-20 16:39:01 [控制] 执行 阶段 1 抓取（总控重试 1/2）：第 1/1 次
2026-04-20 16:39:02 [控制] 阶段 1 抓取（总控重试 1/2） 返回码：1，耗时 0.2 秒
2026-04-20 16:39:02 [控制] 阶段 1 抓取（总控重试 1/2） 失败，10 秒后整轮重抓
2026-04-20 16:39:12 [控制] 执行 阶段 1 抓取（总控重试 2/2）：第 1/1 次
2026-04-20 16:39:12 [控制] 阶段 1 抓取（总控重试 2/2） 返回码：1，耗时 0.2 秒
2026-04-20 16:39:13 [控制] Telegram 通知已发送
2026-04-20 16:39:32 [阶段 1] 页面就绪，开始逐区抓取
2026-04-20 16:39:32 [阶段 1] 重新加载页面，准备抓取浦东区 (1/10)
2026-04-20 16:39:39 [阶段 1] JavaScript 收集器已重置
2026-04-20 16:39:39 [阶段 1] 开始处理 浦东 区 (1/10)
2026-04-20 16:39:39 [阶段 1] 浦东 区进度：stage=prepare_filters, page=0, collected=0, status=running
2026-04-20 16:39:59 [阶段 1] 浦东 区进度：stage=sorting, page=0, collected=0, status=running
2026-04-20 16:40:09 [阶段 1] 浦东 区进度：stage=next_page, page=1, collected=30, status=running
2026-04-20 16:40:14 [阶段 1] 浦东 区进度：stage=next_page, page=2, collected=60, status=running
2026-04-20 16:40:19 [阶段 1] 浦东 区进度：stage=next_page, page=3, collected=90, status=running
2026-04-20 16:40:24 [阶段 1] 浦东 区进度：stage=next_page, page=4, collected=119, status=running
2026-04-20 16:40:29 [阶段 1] 浦东 区进度：stage=next_page, page=5, collected=149, status=running
2026-04-20 16:40:39 [阶段 1] 浦东 区进度：stage=next_page, page=6, collected=179, status=running
2026-04-20 16:40:49 [阶段 1] 浦东 区进度：stage=next_page, page=7, collected=209, status=running
2026-04-20 16:40:54 [阶段 1] 浦东 区进度：stage=next_page, page=8, collected=239, status=running
2026-04-20 16:40:59 [阶段 1] 浦东 区进度：stage=next_page, page=9, collected=269, status=running
2026-04-20 16:41:04 [阶段 1] 浦东 区进度：stage=next_page, page=10, collected=299, status=running
2026-04-20 16:41:58 [控制] 检查并清理旧进程...
2026-04-20 16:41:58 [控制] 清理进程警告：[Errno 2] No such file or directory: 'C:\\Windows\\System32\\WindowsPowerShell\\v1.0\\powershell.exe'
2026-04-20 16:42:00 [控制] 房源抓取任务启动
2026-04-20 16:42:02 [控制] 执行 阶段 1 抓取（总控重试 1/2）：第 1/1 次
2026-04-20 16:42:02 [阶段 1] ============================================================
2026-04-20 16:42:02 [阶段 1] 开始房源抓取（页面内执行同源 JS 逻辑）
2026-04-20 16:42:02 [阶段 1] 目标 URL: https://house.link.lianjia.com/search/sale/default/gdiv_mt
2026-04-20 16:42:02 [阶段 1] 价格要求：700-10000 万
2026-04-20 16:42:02 [阶段 1] 筛选规则：房源分 >= 6.0 或最近 3 天/小时内
2026-04-20 16:42:02 [阶段 1] 抓取区顺序：浦东、长宁、静安、黄浦、徐汇、普陀、闵行、虹口、杨浦、嘉定
2026-04-20 16:42:02 [阶段 1] 超时保护：整体90分钟，单区15分钟
2026-04-20 16:42:02 [阶段 1] 未检测到调试 Chrome，准备自动启动专用调试窗口
2026-04-20 16:42:02 [阶段 1] ERROR: 启动调试 Chrome 失败：[Errno 2] No such file or directory: 'powershell'
2026-04-20 16:42:02 [阶段 1] 普通启动失败，尝试清理旧的调试窗口后重启
2026-04-20 16:42:02 [阶段 1] ERROR: 启动调试 Chrome 失败：[Errno 2] No such file or directory: 'powershell'
2026-04-20 16:42:02 [阶段 1] ERROR: Chrome 调试端口 9222 未开启
2026-04-20 16:42:02 [阶段 1] 提示：请在专用调试窗口中打开链家页面并完成登录
2026-04-20 16:42:03 [控制] 阶段 1 抓取（总控重试 1/2） 返回码：1，耗时 0.7 秒
2026-04-20 16:42:03 [控制] 阶段 1 抓取（总控重试 1/2） 失败，10 秒后整轮重抓
2026-04-20 16:42:13 [控制] 执行 阶段 1 抓取（总控重试 2/2）：第 1/1 次
2026-04-20 16:42:13 [阶段 1] ============================================================
2026-04-20 16:42:13 [阶段 1] 开始房源抓取（页面内执行同源 JS 逻辑）
2026-04-20 16:42:13 [阶段 1] 目标 URL: https://house.link.lianjia.com/search/sale/default/gdiv_mt
2026-04-20 16:42:13 [阶段 1] 价格要求：700-10000 万
2026-04-20 16:42:13 [阶段 1] 筛选规则：房源分 >= 6.0 或最近 3 天/小时内
2026-04-20 16:42:13 [阶段 1] 抓取区顺序：浦东、长宁、静安、黄浦、徐汇、普陀、闵行、虹口、杨浦、嘉定
2026-04-20 16:42:13 [阶段 1] 超时保护：整体90分钟，单区15分钟
2026-04-20 16:42:13 [阶段 1] 未检测到调试 Chrome，准备自动启动专用调试窗口
2026-04-20 16:42:13 [阶段 1] ERROR: 启动调试 Chrome 失败：[Errno 2] No such file or directory: 'powershell'
2026-04-20 16:42:13 [阶段 1] 普通启动失败，尝试清理旧的调试窗口后重启
2026-04-20 16:42:13 [阶段 1] ERROR: 启动调试 Chrome 失败：[Errno 2] No such file or directory: 'powershell'
2026-04-20 16:42:13 [阶段 1] ERROR: Chrome 调试端口 9222 未开启
2026-04-20 16:42:13 [阶段 1] 提示：请在专用调试窗口中打开链家页面并完成登录
2026-04-20 16:42:13 [控制] 阶段 1 抓取（总控重试 2/2） 返回码：1，耗时 0.6 秒
2026-04-20 16:42:15 [控制] Telegram 通知已发送
2026-04-20 16:42:19 [阶段 1] 浦东 区进度：stage=next_page, page=12, collected=359, status=running
2026-04-20 16:42:24 [阶段 1] 浦东 区进度：stage=next_page, page=13, collected=389, status=running
2026-04-20 16:42:29 [阶段 1] 浦东 区进度：stage=next_page, page=15, collected=449, status=running
2026-04-20 16:42:34 [阶段 1] 浦东 区进度：stage=next_page, page=17, collected=509, status=running
2026-04-20 16:42:39 [阶段 1] 浦东 区进度：stage=next_page, page=18, collected=539, status=running
2026-04-20 16:42:44 [阶段 1] 浦东 区进度：stage=next_page, page=20, collected=599, status=running
2026-04-20 16:42:50 [阶段 1] 浦东 区进度：stage=next_page, page=22, collected=659, status=running
2026-04-20 16:42:55 [阶段 1] 浦东 区进度：stage=next_page, page=24, collected=719, status=running
2026-04-20 16:43:00 [阶段 1] 浦东 区进度：stage=next_page, page=26, collected=779, status=running
2026-04-20 16:43:05 [阶段 1] 浦东 区进度：stage=finished, page=28, collected=798, status=done
2026-04-20 16:43:05 [阶段 1] 浦东 区完成：保留 798 套（原始 798 套），页数 28, 停止原因 no_matching_rows, 耗时 3.5分钟
2026-04-20 16:43:06 [阶段 1] 重新加载页面，准备抓取长宁区 (2/10)
2026-04-20 16:43:11 [阶段 1] JavaScript 收集器已重置
2026-04-20 16:43:11 [阶段 1] 开始处理 长宁 区 (2/10)
2026-04-20 16:43:11 [阶段 1] 长宁 区进度：stage=prepare_filters, page=0, collected=0, status=running
2026-04-20 16:43:21 [阶段 1] 长宁 区进度：stage=sorting, page=0, collected=0, status=running
2026-04-20 16:43:26 [阶段 1] 长宁 区进度：stage=next_page, page=2, collected=60, status=running
2026-04-20 16:43:31 [阶段 1] 长宁 区进度：stage=next_page, page=4, collected=120, status=running
2026-04-20 16:43:36 [阶段 1] 长宁 区进度：stage=next_page, page=6, collected=180, status=running
2026-04-20 16:43:41 [阶段 1] 长宁 区进度：stage=next_page, page=7, collected=210, status=running
2026-04-20 16:43:46 [阶段 1] 长宁 区进度：stage=next_page, page=8, collected=239, status=running
2026-04-20 16:43:51 [阶段 1] 长宁 区进度：stage=next_page, page=9, collected=257, status=running
2026-04-20 16:43:56 [阶段 1] 长宁 区进度：stage=next_page, page=11, collected=259, status=running
2026-04-20 16:44:01 [阶段 1] 长宁 区进度：stage=next_page, page=12, collected=261, status=running
2026-04-20 16:44:06 [阶段 1] 长宁 区进度：stage=next_page, page=13, collected=262, status=running
2026-04-20 16:44:11 [阶段 1] 长宁 区进度：stage=next_page, page=14, collected=263, status=running
2026-04-20 16:44:16 [阶段 1] 长宁 区进度：stage=finished, page=16, collected=265, status=done
2026-04-20 16:44:16 [阶段 1] 长宁 区完成：保留 265 套（原始 265 套），页数 16, 停止原因 no_matching_rows, 耗时 1.2分钟
2026-04-20 16:44:18 [阶段 1] 重新加载页面，准备抓取静安区 (3/10)
2026-04-20 16:44:23 [阶段 1] JavaScript 收集器已重置
2026-04-20 16:44:23 [阶段 1] 开始处理 静安 区 (3/10)
2026-04-20 16:44:23 [阶段 1] 静安 区进度：stage=prepare_filters, page=0, collected=0, status=running
2026-04-20 16:44:38 [阶段 1] 静安 区进度：stage=sorting, page=0, collected=0, status=running
2026-04-20 16:44:43 [阶段 1] 静安 区进度：stage=next_page, page=2, collected=60, status=running
2026-04-20 16:44:48 [阶段 1] 静安 区进度：stage=next_page, page=3, collected=90, status=running
2026-04-20 16:44:53 [阶段 1] 静安 区进度：stage=next_page, page=4, collected=120, status=running
2026-04-20 16:44:58 [阶段 1] 静安 区进度：stage=next_page, page=5, collected=149, status=running
2026-04-20 16:45:03 [阶段 1] 静安 区进度：stage=next_page, page=7, collected=208, status=running
2026-04-20 16:45:08 [阶段 1] 静安 区进度：stage=next_page, page=8, collected=238, status=running
2026-04-20 16:45:13 [阶段 1] 静安 区进度：stage=next_page, page=9, collected=268, status=running
2026-04-20 16:45:18 [阶段 1] 静安 区进度：stage=next_page, page=10, collected=298, status=running
2026-04-20 16:45:48 [阶段 1] 静安 区进度：stage=next_page, page=11, collected=321, status=running
2026-04-20 16:48:45 [阶段 1] 静安 区进度：stage=next_page, page=12, collected=322, status=running
2026-04-20 16:51:46 [阶段 1] 静安 区进度：stage=next_page, page=13, collected=323, status=running
2026-04-20 16:54:46 [阶段 1] 静安 区进度：stage=next_page, page=14, collected=324, status=running
2026-04-20 16:57:47 [阶段 1] 静安 区进度：stage=next_page, page=15, collected=326, status=running
2026-04-20 17:00:47 [阶段 1] 静安 区进度：stage=next_page, page=16, collected=327, status=running
2026-04-20 17:03:48 [阶段 1] 静安 区进度：stage=next_page, page=17, collected=328, status=running
2026-04-20 17:06:48 [阶段 1] 静安 区进度：stage=next_page, page=18, collected=329, status=running
2026-04-20 17:09:48 [阶段 1] 静安 区进度：stage=next_page, page=19, collected=330, status=running
2026-04-20 17:12:49 [阶段 1] 静安 区进度：stage=finished, page=20, collected=330, status=done
2026-04-20 17:12:49 [阶段 1] 静安 区完成：保留 330 套（原始 330 套），页数 20, 停止原因 no_matching_rows, 耗时 28.5分钟
2026-04-20 17:12:50 [阶段 1] 重新加载页面，准备抓取黄浦区 (4/10)
2026-04-20 17:12:56 [阶段 1] JavaScript 收集器已重置
2026-04-20 17:12:56 [阶段 1] 开始处理 黄浦 区 (4/10)
2026-04-20 17:12:56 [阶段 1] 黄浦 区进度：stage=prepare_filters, page=0, collected=0, status=running
2026-04-20 17:13:11 [阶段 1] 黄浦 区进度：stage=sorting, page=0, collected=0, status=running
2026-04-20 17:13:16 [阶段 1] 黄浦 区进度：stage=next_page, page=2, collected=60, status=running
2026-04-20 17:13:21 [阶段 1] 黄浦 区进度：stage=next_page, page=3, collected=90, status=running
2026-04-20 17:13:26 [阶段 1] 黄浦 区进度：stage=next_page, page=4, collected=120, status=running
2026-04-20 17:13:31 [阶段 1] 黄浦 区进度：stage=next_page, page=5, collected=150, status=running
2026-04-20 17:13:36 [阶段 1] 黄浦 区进度：stage=next_page, page=7, collected=210, status=running
2026-04-20 17:13:41 [阶段 1] 黄浦 区进度：stage=next_page, page=8, collected=239, status=running
2026-04-20 17:13:46 [阶段 1] 黄浦 区进度：stage=finished, page=9, collected=239, status=done
2026-04-20 17:13:46 [阶段 1] 黄浦 区完成：保留 239 套（原始 239 套），页数 9, 停止原因 no_matching_rows, 耗时 0.9分钟
2026-04-20 17:13:47 [阶段 1] 重新加载页面，准备抓取徐汇区 (5/10)
2026-04-20 17:13:52 [阶段 1] JavaScript 收集器已重置
2026-04-20 17:13:52 [阶段 1] 开始处理 徐汇 区 (5/10)
2026-04-20 17:13:52 [阶段 1] 徐汇 区进度：stage=prepare_filters, page=0, collected=0, status=running
2026-04-20 17:14:07 [阶段 1] 徐汇 区进度：stage=sorting, page=0, collected=0, status=running
2026-04-20 17:14:13 [阶段 1] 徐汇 区进度：stage=next_page, page=1, collected=30, status=running
2026-04-20 17:14:18 [阶段 1] 徐汇 区进度：stage=next_page, page=2, collected=60, status=running
2026-04-20 17:14:23 [阶段 1] 徐汇 区进度：stage=next_page, page=3, collected=89, status=running
2026-04-20 17:14:28 [阶段 1] 徐汇 区进度：stage=next_page, page=5, collected=148, status=running
2026-04-20 17:14:33 [阶段 1] 徐汇 区进度：stage=next_page, page=6, collected=178, status=running
2026-04-20 17:14:38 [阶段 1] 徐汇 区进度：stage=next_page, page=7, collected=208, status=running
2026-04-20 17:14:43 [阶段 1] 徐汇 区进度：stage=next_page, page=8, collected=238, status=running
2026-04-20 17:14:48 [阶段 1] 徐汇 区进度：stage=next_page, page=10, collected=297, status=running
2026-04-20 17:17:48 [阶段 1] 徐汇 区进度：stage=next_page, page=11, collected=303, status=running
2026-04-20 17:20:48 [阶段 1] 徐汇 区进度：stage=finished, page=12, collected=303, status=done
2026-04-20 17:20:48 [阶段 1] 徐汇 区完成：保留 303 套（原始 303 套），页数 12, 停止原因 no_matching_rows, 耗时 7.0分钟
2026-04-20 17:20:50 [阶段 1] 重新加载页面，准备抓取普陀区 (6/10)
2026-04-20 17:20:55 [阶段 1] JavaScript 收集器已重置
2026-04-20 17:20:55 [阶段 1] 开始处理 普陀 区 (6/10)
2026-04-20 17:20:55 [阶段 1] 普陀 区进度：stage=prepare_filters, page=0, collected=0, status=running
2026-04-20 17:21:10 [阶段 1] 普陀 区进度：stage=sorting, page=0, collected=0, status=running
2026-04-20 17:21:15 [阶段 1] 普陀 区进度：stage=next_page, page=1, collected=30, status=running
2026-04-20 17:21:20 [阶段 1] 普陀 区进度：stage=next_page, page=2, collected=60, status=running
2026-04-20 17:21:25 [阶段 1] 普陀 区进度：stage=next_page, page=3, collected=90, status=running
2026-04-20 17:21:30 [阶段 1] 普陀 区进度：stage=next_page, page=5, collected=150, status=running
2026-04-20 17:21:35 [阶段 1] 普陀 区进度：stage=next_page, page=6, collected=180, status=running
2026-04-20 17:21:40 [阶段 1] 普陀 区进度：stage=next_page, page=7, collected=210, status=running
2026-04-20 17:21:45 [阶段 1] 普陀 区进度：stage=next_page, page=8, collected=240, status=running
2026-04-20 17:21:50 [阶段 1] 普陀 区进度：stage=next_page, page=9, collected=270, status=running
2026-04-20 17:22:46 [阶段 1] 普陀 区进度：stage=next_page, page=10, collected=273, status=running
2026-04-20 17:25:46 [阶段 1] 普陀 区进度：stage=finished, page=11, collected=273, status=done
2026-04-20 17:25:46 [阶段 1] 普陀 区完成：保留 273 套（原始 273 套），页数 11, 停止原因 no_matching_rows, 耗时 4.9分钟
2026-04-20 17:25:48 [阶段 1] 重新加载页面，准备抓取闵行区 (7/10)
2026-04-20 17:25:53 [阶段 1] JavaScript 收集器已重置
2026-04-20 17:25:53 [阶段 1] 开始处理 闵行 区 (7/10)
2026-04-20 17:25:53 [阶段 1] 闵行 区进度：stage=prepare_filters, page=0, collected=0, status=running
2026-04-20 17:26:08 [阶段 1] 闵行 区进度：stage=sorting, page=0, collected=0, status=running
2026-04-20 17:26:13 [阶段 1] 闵行 区进度：stage=next_page, page=1, collected=30, status=running
2026-04-20 17:26:18 [阶段 1] 闵行 区进度：stage=next_page, page=2, collected=60, status=running
2026-04-20 17:26:23 [阶段 1] 闵行 区进度：stage=next_page, page=3, collected=90, status=running
2026-04-20 17:26:28 [阶段 1] 闵行 区进度：stage=next_page, page=5, collected=149, status=running
2026-04-20 17:26:33 [阶段 1] 闵行 区进度：stage=next_page, page=6, collected=179, status=running
2026-04-20 17:26:38 [阶段 1] 闵行 区进度：stage=next_page, page=7, collected=209, status=running
2026-04-20 17:26:43 [阶段 1] 闵行 区进度：stage=next_page, page=8, collected=239, status=running
2026-04-20 17:26:48 [阶段 1] 闵行 区进度：stage=next_page, page=9, collected=269, status=running
2026-04-20 17:27:28 [阶段 1] 闵行 区进度：stage=next_page, page=10, collected=299, status=running
2026-04-20 17:27:33 [阶段 1] 闵行 区进度：stage=next_page, page=12, collected=344, status=running
2026-04-20 17:27:38 [阶段 1] 闵行 区进度：stage=finished, page=14, collected=345, status=done
2026-04-20 17:27:38 [阶段 1] 闵行 区完成：保留 345 套（原始 345 套），页数 14, 停止原因 no_matching_rows, 耗时 1.8分钟
2026-04-20 17:27:40 [阶段 1] 重新加载页面，准备抓取虹口区 (8/10)
2026-04-20 17:27:45 [阶段 1] JavaScript 收集器已重置
2026-04-20 17:27:45 [阶段 1] 开始处理 虹口 区 (8/10)
2026-04-20 17:27:45 [阶段 1] 虹口 区进度：stage=prepare_filters, page=0, collected=0, status=running
2026-04-20 17:27:55 [阶段 1] 虹口 区进度：stage=sorting, page=0, collected=0, status=running
2026-04-20 17:28:05 [阶段 1] 虹口 区进度：stage=next_page, page=2, collected=60, status=running
2026-04-20 17:28:10 [阶段 1] 虹口 区进度：stage=next_page, page=4, collected=120, status=running
2026-04-20 17:28:15 [阶段 1] 虹口 区进度：stage=finished, page=6, collected=134, status=done
2026-04-20 17:28:15 [阶段 1] 虹口 区完成：保留 134 套（原始 134 套），页数 6, 停止原因 no_matching_rows, 耗时 0.6分钟
2026-04-20 17:28:17 [阶段 1] 重新加载页面，准备抓取杨浦区 (9/10)
2026-04-20 17:28:22 [阶段 1] JavaScript 收集器已重置
2026-04-20 17:28:22 [阶段 1] 开始处理 杨浦 区 (9/10)
2026-04-20 17:28:22 [阶段 1] 杨浦 区进度：stage=prepare_filters, page=0, collected=0, status=running
2026-04-20 17:28:32 [阶段 1] 杨浦 区进度：stage=sorting, page=0, collected=0, status=running
2026-04-20 17:28:37 [阶段 1] 杨浦 区进度：stage=next_page, page=2, collected=60, status=running
2026-04-20 17:28:42 [阶段 1] 杨浦 区进度：stage=next_page, page=4, collected=120, status=running
2026-04-20 17:28:47 [阶段 1] 杨浦 区进度：stage=next_page, page=6, collected=180, status=running
2026-04-20 17:28:52 [阶段 1] 杨浦 区进度：stage=next_page, page=8, collected=213, status=running
2026-04-20 17:28:57 [阶段 1] 杨浦 区进度：stage=next_page, page=10, collected=217, status=running
2026-04-20 17:29:02 [阶段 1] 杨浦 区进度：stage=next_page, page=12, collected=220, status=running
2026-04-20 17:29:07 [阶段 1] 杨浦 区进度：stage=finished, page=13, collected=220, status=done
2026-04-20 17:29:07 [阶段 1] 杨浦 区完成：保留 220 套（原始 220 套），页数 13, 停止原因 no_matching_rows, 耗时 0.8分钟
2026-04-20 17:29:09 [阶段 1] 重新加载页面，准备抓取嘉定区 (10/10)
2026-04-20 17:29:14 [阶段 1] JavaScript 收集器已重置
2026-04-20 17:29:14 [阶段 1] 开始处理 嘉定 区 (10/10)
2026-04-20 17:29:14 [阶段 1] 嘉定 区进度：stage=prepare_filters, page=0, collected=0, status=running
2026-04-20 17:29:24 [阶段 1] 嘉定 区进度：stage=sorting, page=0, collected=0, status=running
2026-04-20 17:29:29 [阶段 1] 嘉定 区进度：stage=next_page, page=2, collected=36, status=running
2026-04-20 17:29:34 [阶段 1] 嘉定 区进度：stage=finished, page=3, collected=36, status=done
2026-04-20 17:29:34 [阶段 1] 嘉定 区完成：保留 36 套（原始 36 套），页数 3, 停止原因 no_matching_rows, 耗时 0.4分钟
2026-04-20 17:29:35 [阶段 1] ============================================================
2026-04-20 17:29:35 [阶段 1] 抓取完成，共 2943 套房源
2026-04-20 17:29:35 [阶段 1] 总耗时：51.5分钟
2026-04-20 17:29:35 [阶段 1] 平均总价：1109.5 万
2026-04-20 17:29:35 [阶段 1] 平均房源分：7.09
2026-04-20 17:29:35 [阶段 2] 开始数据校验
2026-04-20 17:29:35 [阶段 2] OK: 校验通过（2943 条）
2026-04-20 17:29:35 [阶段 3] 开始保存数据
2026-04-20 17:29:36 [阶段 3] OK: 成功保存 2943 条数据
2026-04-20 17:29:36 [完成] ============================================================
2026-04-20 17:29:36 [完成] 抓取完成，总计 2943 套房源
2026-04-20 17:29:36 [完成] 数据文件：C:\Users\Huawei\.openclaw\workspace\tools\_house_grab_runtime\data.json
2026-04-20 17:29:38 [控制] 阶段 1 抓取（总控重试 1/2） 返回码：0，耗时 3095.7 秒
2026-04-20 17:29:38 [控制] 执行 阶段 2 验证（总控重试 1/1）：第 1/1 次
2026-04-20 17:29:38 [控制] 执行 阶段 2 验证：第 1/1 次
2026-04-20 17:29:38 [阶段 2] ==================================================
2026-04-20 17:29:38 [阶段 2] 开始数据校验
2026-04-20 17:29:38 [阶段 2] 校验通过，共 2943 条
2026-04-20 17:29:38 [控制] 阶段 2 验证 返回码：0，耗时 0.3 秒
2026-04-20 17:29:40 [控制] 进度报告已发送
2026-04-20 17:29:40 [控制] 检查目标 Excel 文件占用：daily_followup.xlsm
2026-04-20 17:29:49 [控制] 执行 阶段 3 写入 Excel：第 1/1 次
2026-04-20 17:29:49 [阶段 3] 写入尝试 1/2
2026-04-20 17:29:49 [阶段 3] 开始离线写入 Excel（使用 win32com，保留宏）
2026-04-20 17:29:49 [阶段 3] 读取到 2943 套房源
2026-04-20 17:29:49 [阶段 3] 已备份工作簿：daily_followup.stage3_backup.20260420_172949.xlsm
2026-04-20 17:29:49 [阶段 3] 创建 Excel 实例...
2026-04-20 17:29:51 [阶段 3] 打开工作簿：D:\Unique work form\daily_followup.xlsm
2026-04-20 17:30:03 [阶段 3] 目标工作表：房      源
2026-04-20 17:30:03 [阶段 3] 加载房龄库...
2026-04-20 17:30:50 [阶段 3] 房龄库加载完成：3971 条记录
2026-04-20 17:30:51 [阶段 3] 房龄自动匹配：2790/2943 套
2026-04-20 17:30:51 [阶段 3] 清空旧数据区域：第 4 行到第 9333 行
2026-04-20 17:30:51 [阶段 3] 开始写入新数据...
2026-04-20 17:30:51 [阶段 3] 表头已存在（行政区），跳过表头写入
2026-04-20 17:30:51 [阶段 3] 批量构建写入数据...
2026-04-20 17:30:51 [阶段 3] 批量写入数据到 Excel...
2026-04-20 17:30:51 [阶段 3] 已写入 2943/2943 行
2026-04-20 17:30:51 [阶段 3] 设置筛选范围：A3:N2946
2026-04-20 17:30:51 [阶段 3] 保存工作簿...
2026-04-20 17:30:58 [阶段 3] 数据写入完成，文件已保存
2026-04-20 17:30:58 [阶段 3] 保存后校验到 2943 行数据
2026-04-20 17:30:58 [阶段 3] 已跳过宏：区域房龄刷新（该宏会截断房源行数）
2026-04-20 17:30:58 [阶段 3] 写入完成，共 2943 套
2026-04-20 17:30:58 [控制] 阶段 3 写入 Excel 返回码：0，耗时 69.5 秒
2026-04-20 17:30:59 [控制] 刷新团团助手缓存
2026-04-20 17:32:59 [控制] WARNING: 缓存刷新失败：Command '['cmd', '/c', 'C:\\Users\\Huawei\\.openclaw\\workspace\\tools\\RUN_TUANTUAN_qidong.cmd', 'refresh']' timed out after 120.0 seconds（不影响已写入的房源数据）
2026-04-20 17:32:59 [控制] 打开 Excel 并定位到房源表...
2026-04-20 17:33:02 [控制] OK: Excel 已打开并定位到房源表
2026-04-20 17:33:03 [控制] 进度报告已发送
2026-04-20 17:33:05 [控制] Telegram 通知已发送
2026-04-21 20:58:54 [控制] 检查并清理旧进程...
2026-04-21 20:58:54 [控制] 清理旧进程：无旧进程
2026-04-21 20:58:56 [控制] 房源抓取任务启动
2026-04-21 20:58:58 [控制] 执行 阶段 1 抓取（总控重试 1/2）：第 1/1 次
2026-04-21 20:58:59 [阶段 1] ============================================================
2026-04-21 20:58:59 [阶段 1] 开始房源抓取（页面内执行同源 JS 逻辑）
2026-04-21 20:58:59 [阶段 1] 目标 URL: https://house.link.lianjia.com/search/sale/default/gdiv_mt
2026-04-21 20:58:59 [阶段 1] 价格要求：700-10000 万
2026-04-21 20:58:59 [阶段 1] 筛选规则：房源分 >= 6.0 或最近 3 天/小时内
2026-04-21 20:58:59 [阶段 1] 抓取区顺序：浦东、长宁、静安、黄浦、徐汇、普陀、闵行、虹口、杨浦、嘉定
2026-04-21 20:58:59 [阶段 1] 超时保护：整体90分钟，单区15分钟
2026-04-21 20:59:01 [阶段 1] 未检测到调试 Chrome，准备自动启动专用调试窗口
2026-04-21 20:59:04 [阶段 1] 调试启动输出：Starting Chrome with debugger...
Waiting for Chrome debugger port...
DEBUG_PORT_READY:9222
Chrome started successfully on port 9222
2026-04-21 20:59:04 [阶段 1] OK: 调试 Chrome 已启动，复用工作区 ChromeDebugProfile
2026-04-21 20:59:04 [阶段 1] 提示：浏览器窗口已打开，请勿手动关闭
2026-04-21 20:59:04 [阶段 1] 连接 Chrome...
2026-04-21 20:59:04 [阶段 1] 尝试连接 Chrome 调试端口 (尝试 1/3)...
2026-04-21 20:59:08 [阶段 1] Chrome 连接成功
2026-04-21 20:59:08 [阶段 1] OK: Chrome 连接成功
2026-04-21 20:59:08 [阶段 1] 初始化页面（仅加载一次）...
2026-04-21 20:59:08 [阶段 1] 打开页面：https://house.link.lianjia.com/search/sale/default/gdiv_mt
2026-04-21 20:59:11 [阶段 1] 检测到登录页，等待你在专用调试窗口完成扫码登录...
2026-04-21 20:59:45 [阶段 1] Telegram 登录提醒已发送
2026-04-21 21:00:10 [阶段 1] 页面就绪，开始逐区抓取
2026-04-21 21:00:10 [阶段 1] 重新加载页面，准备抓取浦东区 (1/10)
2026-04-21 21:00:14 [阶段 1] JavaScript 收集器已重置
2026-04-21 21:00:14 [阶段 1] 开始处理 浦东 区 (1/10)
2026-04-21 21:00:14 [阶段 1] 浦东 区进度：stage=prepare_filters, page=0, collected=0, status=running
2026-04-21 21:00:24 [阶段 1] 浦东 区进度：stage=sorting, page=0, collected=0, status=running
2026-04-21 21:00:29 [阶段 1] 浦东 区进度：stage=next_page, page=2, collected=60, status=running
2026-04-21 21:00:34 [阶段 1] 浦东 区进度：stage=next_page, page=4, collected=120, status=running
2026-04-21 21:00:39 [阶段 1] 浦东 区进度：stage=next_page, page=6, collected=180, status=running
2026-04-21 21:00:44 [阶段 1] 浦东 区进度：stage=next_page, page=8, collected=240, status=running
2026-04-21 21:00:49 [阶段 1] 浦东 区进度：stage=next_page, page=10, collected=300, status=running
2026-04-21 21:00:54 [阶段 1] 浦东 区进度：stage=next_page, page=11, collected=330, status=running
2026-04-21 21:00:59 [阶段 1] 浦东 区进度：stage=next_page, page=13, collected=390, status=running
2026-04-21 21:01:04 [阶段 1] 浦东 区进度：stage=next_page, page=15, collected=450, status=running
2026-04-21 21:01:10 [阶段 1] 浦东 区进度：stage=next_page, page=17, collected=510, status=running
2026-04-21 21:01:15 [阶段 1] 浦东 区进度：stage=next_page, page=19, collected=570, status=running
2026-04-21 21:01:20 [阶段 1] 浦东 区进度：stage=next_page, page=21, collected=630, status=running
2026-04-21 21:01:25 [阶段 1] 浦东 区进度：stage=next_page, page=23, collected=690, status=running
2026-04-21 21:01:30 [阶段 1] 浦东 区进度：stage=next_page, page=25, collected=750, status=running
2026-04-21 21:01:35 [阶段 1] 浦东 区进度：stage=next_page, page=27, collected=810, status=running
2026-04-21 21:01:40 [阶段 1] 浦东 区进度：stage=next_page, page=28, collected=824, status=running
2026-04-21 21:01:45 [阶段 1] 浦东 区进度：stage=next_page, page=30, collected=826, status=running
2026-04-21 21:01:50 [阶段 1] 浦东 区进度：stage=finished, page=31, collected=826, status=done
2026-04-21 21:01:50 [阶段 1] 浦东 区完成：保留 826 套（原始 826 套），页数 31, 停止原因 no_matching_rows, 耗时 1.7分钟
2026-04-21 21:01:51 [阶段 1] 重新加载页面，准备抓取长宁区 (2/10)
2026-04-21 21:01:56 [阶段 1] JavaScript 收集器已重置
2026-04-21 21:01:56 [阶段 1] 开始处理 长宁 区 (2/10)
2026-04-21 21:01:56 [阶段 1] 长宁 区进度：stage=prepare_filters, page=0, collected=0, status=running
2026-04-21 21:02:06 [阶段 1] 长宁 区进度：stage=sorting, page=0, collected=0, status=running
2026-04-21 21:02:11 [阶段 1] 长宁 区进度：stage=next_page, page=2, collected=60, status=running
2026-04-21 21:02:16 [阶段 1] 长宁 区进度：stage=next_page, page=4, collected=120, status=running
2026-04-21 21:02:21 [阶段 1] 长宁 区进度：stage=next_page, page=6, collected=180, status=running
2026-04-21 21:02:26 [阶段 1] 长宁 区进度：stage=next_page, page=8, collected=240, status=running
2026-04-21 21:02:31 [阶段 1] 长宁 区进度：stage=finished, page=10, collected=251, status=done
2026-04-21 21:02:31 [阶段 1] 长宁 区完成：保留 251 套（原始 251 套），页数 10, 停止原因 no_matching_rows, 耗时 0.7分钟
2026-04-21 21:02:33 [阶段 1] 重新加载页面，准备抓取静安区 (3/10)
2026-04-21 21:02:37 [阶段 1] JavaScript 收集器已重置
2026-04-21 21:02:37 [阶段 1] 开始处理 静安 区 (3/10)
2026-04-21 21:02:37 [阶段 1] 静安 区进度：stage=prepare_filters, page=0, collected=0, status=running
2026-04-21 21:02:47 [阶段 1] 静安 区进度：stage=sorting, page=0, collected=0, status=running
2026-04-21 21:02:52 [阶段 1] 静安 区进度：stage=next_page, page=2, collected=60, status=running
2026-04-21 21:02:58 [阶段 1] 静安 区进度：stage=next_page, page=4, collected=120, status=running
2026-04-21 21:03:03 [阶段 1] 静安 区进度：stage=next_page, page=6, collected=178, status=running
2026-04-21 21:03:08 [阶段 1] 静安 区进度：stage=next_page, page=8, collected=238, status=running
2026-04-21 21:03:13 [阶段 1] 静安 区进度：stage=next_page, page=10, collected=286, status=running
2026-04-21 21:03:18 [阶段 1] 静安 区进度：stage=finished, page=11, collected=286, status=done
2026-04-21 21:03:18 [阶段 1] 静安 区完成：保留 286 套（原始 286 套），页数 11, 停止原因 no_matching_rows, 耗时 0.8分钟
2026-04-21 21:03:20 [阶段 1] 重新加载页面，准备抓取黄浦区 (4/10)
2026-04-21 21:03:24 [阶段 1] JavaScript 收集器已重置
2026-04-21 21:03:24 [阶段 1] 开始处理 黄浦 区 (4/10)
2026-04-21 21:03:24 [阶段 1] 黄浦 区进度：stage=prepare_filters, page=0, collected=0, status=running
2026-04-21 21:03:34 [阶段 1] 黄浦 区进度：stage=sorting, page=0, collected=0, status=running
2026-04-21 21:03:39 [阶段 1] 黄浦 区进度：stage=next_page, page=2, collected=60, status=running
2026-04-21 21:03:45 [阶段 1] 黄浦 区进度：stage=next_page, page=4, collected=120, status=running
2026-04-21 21:03:50 [阶段 1] 黄浦 区进度：stage=next_page, page=6, collected=180, status=running
2026-04-21 21:03:55 [阶段 1] 黄浦 区进度：stage=next_page, page=8, collected=231, status=running
2026-04-21 21:04:00 [阶段 1] 黄浦 区进度：stage=finished, page=10, collected=232, status=done
2026-04-21 21:04:00 [阶段 1] 黄浦 区完成：保留 232 套（原始 232 套），页数 10, 停止原因 no_matching_rows, 耗时 0.7分钟
2026-04-21 21:04:01 [阶段 1] 重新加载页面，准备抓取徐汇区 (5/10)
2026-04-21 21:04:05 [阶段 1] JavaScript 收集器已重置
2026-04-21 21:04:05 [阶段 1] 开始处理 徐汇 区 (5/10)
2026-04-21 21:04:05 [阶段 1] 徐汇 区进度：stage=prepare_filters, page=0, collected=0, status=running
2026-04-21 21:04:16 [阶段 1] 徐汇 区进度：stage=sorting, page=0, collected=0, status=running
2026-04-21 21:04:21 [阶段 1] 徐汇 区进度：stage=next_page, page=2, collected=59, status=running
2026-04-21 21:04:26 [阶段 1] 徐汇 区进度：stage=next_page, page=4, collected=118, status=running
2026-04-21 21:04:31 [阶段 1] 徐汇 区进度：stage=next_page, page=6, collected=178, status=running
2026-04-21 21:04:36 [阶段 1] 徐汇 区进度：stage=next_page, page=8, collected=237, status=running
2026-04-21 21:04:41 [阶段 1] 徐汇 区进度：stage=next_page, page=10, collected=284, status=running
2026-04-21 21:04:46 [阶段 1] 徐汇 区进度：stage=finished, page=11, collected=284, status=done
2026-04-21 21:04:46 [阶段 1] 徐汇 区完成：保留 284 套（原始 284 套），页数 11, 停止原因 no_matching_rows, 耗时 0.8分钟
2026-04-21 21:04:48 [阶段 1] 重新加载页面，准备抓取普陀区 (6/10)
2026-04-21 21:04:52 [阶段 1] JavaScript 收集器已重置
2026-04-21 21:04:52 [阶段 1] 开始处理 普陀 区 (6/10)
2026-04-21 21:04:52 [阶段 1] 普陀 区进度：stage=prepare_filters, page=0, collected=0, status=running
2026-04-21 21:05:02 [阶段 1] 普陀 区进度：stage=sorting, page=0, collected=0, status=running
2026-04-21 21:05:07 [阶段 1] 普陀 区进度：stage=next_page, page=2, collected=60, status=running
2026-04-21 21:05:12 [阶段 1] 普陀 区进度：stage=next_page, page=4, collected=120, status=running
2026-04-21 21:05:17 [阶段 1] 普陀 区进度：stage=next_page, page=6, collected=180, status=running
2026-04-21 21:05:23 [阶段 1] 普陀 区进度：stage=next_page, page=8, collected=240, status=running
2026-04-21 21:05:28 [阶段 1] 普陀 区进度：stage=next_page, page=10, collected=272, status=running
2026-04-21 21:05:33 [阶段 1] 普陀 区进度：stage=finished, page=11, collected=272, status=done
2026-04-21 21:05:33 [阶段 1] 普陀 区完成：保留 272 套（原始 272 套），页数 11, 停止原因 no_matching_rows, 耗时 0.8分钟
2026-04-21 21:05:34 [阶段 1] 重新加载页面，准备抓取闵行区 (7/10)
2026-04-21 21:05:38 [阶段 1] JavaScript 收集器已重置
2026-04-21 21:05:38 [阶段 1] 开始处理 闵行 区 (7/10)
2026-04-21 21:05:39 [阶段 1] 闵行 区进度：stage=prepare_filters, page=0, collected=0, status=running
2026-04-21 21:05:49 [阶段 1] 闵行 区进度：stage=sorting, page=0, collected=0, status=running
2026-04-21 21:05:54 [阶段 1] 闵行 区进度：stage=next_page, page=2, collected=60, status=running
2026-04-21 21:05:59 [阶段 1] 闵行 区进度：stage=next_page, page=4, collected=119, status=running
2026-04-21 21:06:04 [阶段 1] 闵行 区进度：stage=next_page, page=6, collected=179, status=running
2026-04-21 21:06:09 [阶段 1] 闵行 区进度：stage=next_page, page=8, collected=239, status=running
2026-04-21 21:06:14 [阶段 1] 闵行 区进度：stage=next_page, page=10, collected=299, status=running
2026-04-21 21:06:19 [阶段 1] 闵行 区进度：stage=next_page, page=12, collected=359, status=running
2026-04-21 21:06:24 [阶段 1] 闵行 区进度：stage=next_page, page=13, collected=365, status=running
2026-04-21 21:06:29 [阶段 1] 闵行 区进度：stage=finished, page=15, collected=366, status=done
2026-04-21 21:06:29 [阶段 1] 闵行 区完成：保留 366 套（原始 366 套），页数 15, 停止原因 no_matching_rows, 耗时 0.9分钟
2026-04-21 21:06:31 [阶段 1] 重新加载页面，准备抓取虹口区 (8/10)
2026-04-21 21:06:35 [阶段 1] JavaScript 收集器已重置
2026-04-21 21:06:35 [阶段 1] 开始处理 虹口 区 (8/10)
2026-04-21 21:06:35 [阶段 1] 虹口 区进度：stage=prepare_filters, page=0, collected=0, status=running
2026-04-21 21:06:45 [阶段 1] 虹口 区进度：stage=sorting, page=0, collected=0, status=running
2026-04-21 21:06:50 [阶段 1] 虹口 区进度：stage=next_page, page=2, collected=60, status=running
2026-04-21 21:06:55 [阶段 1] 虹口 区进度：stage=next_page, page=4, collected=120, status=running
2026-04-21 21:07:00 [阶段 1] 虹口 区进度：stage=next_page, page=6, collected=137, status=running
2026-04-21 21:07:05 [阶段 1] 虹口 区进度：stage=finished, page=8, collected=138, status=done
2026-04-21 21:07:05 [阶段 1] 虹口 区完成：保留 138 套（原始 138 套），页数 8, 停止原因 no_matching_rows, 耗时 0.6分钟
2026-04-21 21:07:07 [阶段 1] 重新加载页面，准备抓取杨浦区 (9/10)
2026-04-21 21:07:11 [阶段 1] JavaScript 收集器已重置
2026-04-21 21:07:11 [阶段 1] 开始处理 杨浦 区 (9/10)
2026-04-21 21:07:11 [阶段 1] 杨浦 区进度：stage=prepare_filters, page=0, collected=0, status=running
2026-04-21 21:07:21 [阶段 1] 杨浦 区进度：stage=sorting, page=0, collected=0, status=running
2026-04-21 21:07:26 [阶段 1] 杨浦 区进度：stage=next_page, page=2, collected=60, status=running
2026-04-21 21:07:32 [阶段 1] 杨浦 区进度：stage=next_page, page=4, collected=120, status=running
2026-04-21 21:07:37 [阶段 1] 杨浦 区进度：stage=next_page, page=6, collected=180, status=running
2026-04-21 21:07:42 [阶段 1] 杨浦 区进度：stage=next_page, page=8, collected=215, status=running
2026-04-21 21:07:47 [阶段 1] 杨浦 区进度：stage=finished, page=9, collected=215, status=done
2026-04-21 21:07:47 [阶段 1] 杨浦 区完成：保留 215 套（原始 215 套），页数 9, 停止原因 no_matching_rows, 耗时 0.7分钟
2026-04-21 21:07:48 [阶段 1] 重新加载页面，准备抓取嘉定区 (10/10)
2026-04-21 21:07:53 [阶段 1] JavaScript 收集器已重置
2026-04-21 21:07:53 [阶段 1] 开始处理 嘉定 区 (10/10)
2026-04-21 21:07:53 [阶段 1] 嘉定 区进度：stage=prepare_filters, page=0, collected=0, status=running
2026-04-21 21:08:03 [阶段 1] 嘉定 区进度：stage=sorting, page=0, collected=0, status=running
2026-04-21 21:08:08 [阶段 1] 嘉定 区进度：stage=next_page, page=2, collected=39, status=running
2026-04-21 21:08:13 [阶段 1] 嘉定 区进度：stage=next_page, page=4, collected=43, status=running
2026-04-21 21:08:18 [阶段 1] 嘉定 区进度：stage=next_page, page=6, collected=46, status=running
2026-04-21 21:08:24 [阶段 1] 嘉定 区进度：stage=next_page, page=8, collected=49, status=running
2026-04-21 21:08:29 [阶段 1] 嘉定 区进度：stage=finished, page=9, collected=49, status=done
2026-04-21 21:08:29 [阶段 1] 嘉定 区完成：保留 49 套（原始 49 套），页数 9, 停止原因 no_matching_rows, 耗时 0.7分钟
2026-04-21 21:08:30 [阶段 1] ============================================================
2026-04-21 21:08:30 [阶段 1] 抓取完成，共 2919 套房源
2026-04-21 21:08:30 [阶段 1] 总耗时：9.5分钟
2026-04-21 21:08:30 [阶段 1] 平均总价：1128.7 万
2026-04-21 21:08:30 [阶段 1] 平均房源分：7.05
2026-04-21 21:08:30 [阶段 2] 开始数据校验
2026-04-21 21:08:30 [阶段 2] OK: 校验通过（2919 条）
2026-04-21 21:08:30 [阶段 3] 开始保存数据
2026-04-21 21:08:30 [阶段 3] OK: 成功保存 2919 条数据
2026-04-21 21:08:30 [完成] ============================================================
2026-04-21 21:08:30 [完成] 抓取完成，总计 2919 套房源
2026-04-21 21:08:30 [完成] 数据文件：C:\Users\Huawei\.openclaw\workspace\tools\_house_grab_runtime\data.json
2026-04-21 21:08:33 [控制] 阶段 1 抓取（总控重试 1/2） 返回码：0，耗时 574.8 秒
2026-04-21 21:08:33 [控制] 执行 阶段 2 验证（总控重试 1/1）：第 1/1 次
2026-04-21 21:08:33 [控制] 执行 阶段 2 验证：第 1/1 次
2026-04-21 21:08:33 [阶段 2] ==================================================
2026-04-21 21:08:33 [阶段 2] 开始数据校验
2026-04-21 21:08:33 [阶段 2] 校验通过，共 2919 条
2026-04-21 21:08:33 [控制] 阶段 2 验证 返回码：0，耗时 0.3 秒
2026-04-21 21:08:34 [控制] 进度报告已发送
2026-04-21 21:08:34 [控制] 检查目标 Excel 文件占用：daily_followup.xlsm
2026-04-21 21:08:43 [控制] 执行 阶段 3 写入 Excel：第 1/1 次
2026-04-21 21:08:43 [阶段 3] 写入尝试 1/2
2026-04-21 21:08:43 [阶段 3] 开始离线写入 Excel（使用 win32com，保留宏）
2026-04-21 21:08:43 [阶段 3] 读取到 2919 套房源
2026-04-21 21:08:43 [阶段 3] 已备份工作簿：daily_followup.stage3_backup.20260421_210843.xlsm
2026-04-21 21:08:43 [阶段 3] 创建 Excel 实例...
2026-04-21 21:08:45 [阶段 3] 打开工作簿：D:\Unique work form\daily_followup.xlsm
2026-04-21 21:09:02 [阶段 3] 目标工作表：房      源
2026-04-21 21:09:02 [阶段 3] 加载房龄库...
2026-04-21 21:09:47 [阶段 3] 房龄库加载完成：3971 条记录
2026-04-21 21:09:47 [阶段 3] 房龄自动匹配：2777/2919 套
2026-04-21 21:09:47 [阶段 3] 清空旧数据区域：第 4 行到第 9333 行
2026-04-21 21:09:48 [阶段 3] 开始写入新数据...
2026-04-21 21:09:48 [阶段 3] 表头已存在（行政区），跳过表头写入
2026-04-21 21:09:48 [阶段 3] 批量构建写入数据...
2026-04-21 21:09:48 [阶段 3] 批量写入数据到 Excel...
2026-04-21 21:09:49 [阶段 3] 已写入 2919/2919 行
2026-04-21 21:09:49 [阶段 3] 设置筛选范围：A3:N2922
2026-04-21 21:09:49 [阶段 3] 保存工作簿...
2026-04-21 21:09:56 [阶段 3] 数据写入完成，文件已保存
2026-04-21 21:09:57 [阶段 3] 保存后校验到 2919 行数据
2026-04-21 21:09:57 [阶段 3] 已跳过宏：区域房龄刷新（该宏会截断房源行数）
2026-04-21 21:09:57 [阶段 3] 写入完成，共 2919 套
2026-04-21 21:09:57 [控制] 阶段 3 写入 Excel 返回码：0，耗时 74.7 秒
2026-04-21 21:09:58 [控制] 刷新团团助手缓存
2026-04-21 21:10:44 [控制] OK: 缓存刷新完成
2026-04-21 21:10:44 [控制] 打开 Excel 并定位到房源表...
2026-04-21 21:11:12 [控制] OK: Excel 已打开并定位到房源表
2026-04-21 21:11:13 [控制] 进度报告已发送
2026-04-21 21:11:15 [控制] Telegram 通知已发送
2026-04-22 11:59:06 [控制] 检查并清理旧进程...
2026-04-22 11:59:06 [控制] 清理旧进程：无旧进程
2026-04-22 11:59:08 [控制] 房源抓取任务启动
2026-04-22 11:59:10 [控制] 执行 阶段 1 抓取（总控重试 1/2）：第 1/1 次
2026-04-22 11:59:10 [阶段 1] ============================================================
2026-04-22 11:59:10 [阶段 1] 开始房源抓取（页面内执行同源 JS 逻辑）
2026-04-22 11:59:10 [阶段 1] 目标 URL: https://house.link.lianjia.com/search/sale/default/gdiv_mt
2026-04-22 11:59:10 [阶段 1] 价格要求：700-10000 万
2026-04-22 11:59:10 [阶段 1] 筛选规则：房源分 >= 6.0 或最近 3 天/小时内
2026-04-22 11:59:10 [阶段 1] 抓取区顺序：浦东、长宁、静安、黄浦、徐汇、普陀、闵行、虹口、杨浦、嘉定
2026-04-22 11:59:10 [阶段 1] 超时保护：整体90分钟，单区15分钟
2026-04-22 11:59:12 [阶段 1] 未检测到调试 Chrome，准备自动启动专用调试窗口
2026-04-22 11:59:15 [阶段 1] 调试启动输出：Starting Chrome with debugger...
Waiting for Chrome debugger port...
DEBUG_PORT_READY:9222
Chrome started successfully on port 9222
2026-04-22 11:59:15 [阶段 1] OK: 调试 Chrome 已启动，复用工作区 ChromeDebugProfile
2026-04-22 11:59:15 [阶段 1] 提示：浏览器窗口已打开，请勿手动关闭
2026-04-22 11:59:15 [阶段 1] 连接 Chrome...
2026-04-22 11:59:15 [阶段 1] 尝试连接 Chrome 调试端口 (尝试 1/3)...
2026-04-22 11:59:21 [阶段 1] Chrome 连接成功
2026-04-22 11:59:21 [阶段 1] OK: Chrome 连接成功
2026-04-22 11:59:21 [阶段 1] 初始化页面（仅加载一次）...
2026-04-22 11:59:21 [阶段 1] 打开页面：https://house.link.lianjia.com/search/sale/default/gdiv_mt
2026-04-22 11:59:23 [阶段 1] 页面就绪，开始逐区抓取
2026-04-22 11:59:23 [阶段 1] 重新加载页面，准备抓取浦东区 (1/10)
2026-04-22 11:59:28 [阶段 1] JavaScript 收集器已重置
2026-04-22 11:59:28 [阶段 1] 开始处理 浦东 区 (1/10)
2026-04-22 11:59:28 [阶段 1] 浦东 区进度：stage=prepare_filters, page=0, collected=0, status=running
2026-04-22 11:59:38 [阶段 1] 浦东 区进度：stage=sorting, page=0, collected=0, status=running
2026-04-22 11:59:43 [阶段 1] 浦东 区进度：stage=next_page, page=2, collected=60, status=running
2026-04-22 11:59:48 [阶段 1] 浦东 区进度：stage=next_page, page=4, collected=120, status=running
2026-04-22 11:59:53 [阶段 1] 浦东 区进度：stage=next_page, page=7, collected=210, status=running
2026-04-22 11:59:58 [阶段 1] 浦东 区进度：stage=next_page, page=9, collected=270, status=running
2026-04-22 12:00:03 [阶段 1] 浦东 区进度：stage=next_page, page=11, collected=330, status=running
2026-04-22 12:00:08 [阶段 1] 浦东 区进度：stage=next_page, page=13, collected=390, status=running
2026-04-22 12:00:13 [阶段 1] 浦东 区进度：stage=next_page, page=15, collected=450, status=running
2026-04-22 12:00:18 [阶段 1] 浦东 区进度：stage=next_page, page=17, collected=510, status=running
2026-04-22 12:00:23 [阶段 1] 浦东 区进度：stage=next_page, page=19, collected=570, status=running
2026-04-22 12:00:28 [阶段 1] 浦东 区进度：stage=next_page, page=21, collected=630, status=running
2026-04-22 12:00:33 [阶段 1] 浦东 区进度：stage=next_page, page=23, collected=690, status=running
2026-04-22 12:00:38 [阶段 1] 浦东 区进度：stage=next_page, page=25, collected=750, status=running
2026-04-22 12:00:43 [阶段 1] 浦东 区进度：stage=next_page, page=27, collected=800, status=running
2026-04-22 12:00:48 [阶段 1] 浦东 区进度：stage=next_page, page=29, collected=803, status=running
2026-04-22 12:00:53 [阶段 1] 浦东 区进度：stage=next_page, page=31, collected=805, status=running
2026-04-22 12:00:58 [阶段 1] 浦东 区进度：stage=finished, page=33, collected=806, status=done
2026-04-22 12:00:58 [阶段 1] 浦东 区完成：保留 806 套（原始 806 套），页数 33, 停止原因 no_matching_rows, 耗时 1.6分钟
2026-04-22 12:00:59 [阶段 1] 重新加载页面，准备抓取长宁区 (2/10)
2026-04-22 12:01:04 [阶段 1] JavaScript 收集器已重置
2026-04-22 12:01:04 [阶段 1] 开始处理 长宁 区 (2/10)
2026-04-22 12:01:04 [阶段 1] 长宁 区进度：stage=prepare_filters, page=0, collected=0, status=running
2026-04-22 12:01:14 [阶段 1] 长宁 区进度：stage=sorting, page=0, collected=0, status=running
2026-04-22 12:01:19 [阶段 1] 长宁 区进度：stage=next_page, page=2, collected=60, status=running
2026-04-22 12:01:24 [阶段 1] 长宁 区进度：stage=next_page, page=4, collected=120, status=running
2026-04-22 12:01:29 [阶段 1] 长宁 区进度：stage=next_page, page=6, collected=180, status=running
2026-04-22 12:01:34 [阶段 1] 长宁 区进度：stage=next_page, page=8, collected=240, status=running
2026-04-22 12:01:39 [阶段 1] 长宁 区进度：stage=finished, page=10, collected=253, status=done
2026-04-22 12:01:39 [阶段 1] 长宁 区完成：保留 253 套（原始 253 套），页数 10, 停止原因 no_matching_rows, 耗时 0.7分钟
2026-04-22 12:01:40 [阶段 1] 重新加载页面，准备抓取静安区 (3/10)
2026-04-22 12:01:45 [阶段 1] JavaScript 收集器已重置
2026-04-22 12:01:45 [阶段 1] 开始处理 静安 区 (3/10)
2026-04-22 12:01:45 [阶段 1] 静安 区进度：stage=prepare_filters, page=0, collected=0, status=running
2026-04-22 12:01:55 [阶段 1] 静安 区进度：stage=sorting, page=0, collected=0, status=running
2026-04-22 12:02:00 [阶段 1] 静安 区进度：stage=next_page, page=2, collected=60, status=running
2026-04-22 12:02:05 [阶段 1] 静安 区进度：stage=next_page, page=4, collected=120, status=running
2026-04-22 12:02:10 [阶段 1] 静安 区进度：stage=next_page, page=7, collected=208, status=running
2026-04-22 12:02:15 [阶段 1] 静安 区进度：stage=next_page, page=9, collected=268, status=running
2026-04-22 12:02:20 [阶段 1] 静安 区进度：stage=next_page, page=11, collected=301, status=running
2026-04-22 12:02:25 [阶段 1] 静安 区进度：stage=finished, page=13, collected=302, status=done
2026-04-22 12:02:25 [阶段 1] 静安 区完成：保留 302 套（原始 302 套），页数 13, 停止原因 no_matching_rows, 耗时 0.7分钟
2026-04-22 12:02:26 [阶段 1] 重新加载页面，准备抓取黄浦区 (4/10)
2026-04-22 12:02:30 [阶段 1] JavaScript 收集器已重置
2026-04-22 12:02:30 [阶段 1] 开始处理 黄浦 区 (4/10)
2026-04-22 12:02:30 [阶段 1] 黄浦 区进度：stage=prepare_filters, page=0, collected=0, status=running
2026-04-22 12:02:40 [阶段 1] 黄浦 区进度：stage=sorting, page=0, collected=0, status=running
2026-04-22 12:02:45 [阶段 1] 黄浦 区进度：stage=next_page, page=2, collected=60, status=running
2026-04-22 12:02:50 [阶段 1] 黄浦 区进度：stage=next_page, page=4, collected=120, status=running
2026-04-22 12:02:55 [阶段 1] 黄浦 区进度：stage=next_page, page=5, collected=150, status=running
2026-04-22 12:03:00 [阶段 1] 黄浦 区进度：stage=next_page, page=7, collected=210, status=running
2026-04-22 12:03:06 [阶段 1] 黄浦 区进度：stage=next_page, page=9, collected=231, status=running
2026-04-22 12:03:11 [阶段 1] 黄浦 区进度：stage=finished, page=11, collected=232, status=done
2026-04-22 12:03:11 [阶段 1] 黄浦 区完成：保留 232 套（原始 232 套），页数 11, 停止原因 no_matching_rows, 耗时 0.7分钟
2026-04-22 12:03:12 [阶段 1] 重新加载页面，准备抓取徐汇区 (5/10)
2026-04-22 12:03:16 [阶段 1] JavaScript 收集器已重置
2026-04-22 12:03:16 [阶段 1] 开始处理 徐汇 区 (5/10)
2026-04-22 12:03:16 [阶段 1] 徐汇 区进度：stage=prepare_filters, page=0, collected=0, status=running
2026-04-22 12:03:26 [阶段 1] 徐汇 区进度：stage=sorting, page=0, collected=0, status=running
2026-04-22 12:03:31 [阶段 1] 徐汇 区进度：stage=next_page, page=3, collected=89, status=running
2026-04-22 12:03:36 [阶段 1] 徐汇 区进度：stage=next_page, page=5, collected=149, status=running
2026-04-22 12:03:41 [阶段 1] 徐汇 区进度：stage=next_page, page=7, collected=209, status=running
2026-04-22 12:03:46 [阶段 1] 徐汇 区进度：stage=next_page, page=9, collected=268, status=running
2026-04-22 12:03:51 [阶段 1] 徐汇 区进度：stage=next_page, page=11, collected=302, status=running
2026-04-22 12:03:56 [阶段 1] 徐汇 区进度：stage=next_page, page=13, collected=305, status=running
2026-04-22 12:04:01 [阶段 1] 徐汇 区进度：stage=finished, page=14, collected=305, status=done
2026-04-22 12:04:01 [阶段 1] 徐汇 区完成：保留 305 套（原始 305 套），页数 14, 停止原因 no_matching_rows, 耗时 0.8分钟
2026-04-22 12:04:03 [阶段 1] 重新加载页面，准备抓取普陀区 (6/10)
2026-04-22 12:04:07 [阶段 1] JavaScript 收集器已重置
2026-04-22 12:04:07 [阶段 1] 开始处理 普陀 区 (6/10)
2026-04-22 12:04:07 [阶段 1] 普陀 区进度：stage=prepare_filters, page=0, collected=0, status=running
2026-04-22 12:04:17 [阶段 1] 普陀 区进度：stage=sorting, page=0, collected=0, status=running
2026-04-22 12:04:22 [阶段 1] 普陀 区进度：stage=next_page, page=2, collected=60, status=running
2026-04-22 12:04:27 [阶段 1] 普陀 区进度：stage=next_page, page=4, collected=120, status=running
2026-04-22 12:04:32 [阶段 1] 普陀 区进度：stage=next_page, page=6, collected=180, status=running
2026-04-22 12:04:37 [阶段 1] 普陀 区进度：stage=next_page, page=8, collected=240, status=running
2026-04-22 12:04:42 [阶段 1] 普陀 区进度：stage=next_page, page=10, collected=274, status=running
2026-04-22 12:04:47 [阶段 1] 普陀 区进度：stage=finished, page=11, collected=274, status=done
2026-04-22 12:04:47 [阶段 1] 普陀 区完成：保留 274 套（原始 274 套），页数 11, 停止原因 no_matching_rows, 耗时 0.7分钟
2026-04-22 12:04:49 [阶段 1] 重新加载页面，准备抓取闵行区 (7/10)
2026-04-22 12:04:53 [阶段 1] JavaScript 收集器已重置
2026-04-22 12:04:53 [阶段 1] 开始处理 闵行 区 (7/10)
2026-04-22 12:04:53 [阶段 1] 闵行 区进度：stage=prepare_filters, page=0, collected=0, status=running
2026-04-22 12:05:03 [阶段 1] 闵行 区进度：stage=sorting, page=0, collected=0, status=running
2026-04-22 12:05:08 [阶段 1] 闵行 区进度：stage=next_page, page=2, collected=60, status=running
2026-04-22 12:05:13 [阶段 1] 闵行 区进度：stage=next_page, page=5, collected=149, status=running
2026-04-22 12:05:18 [阶段 1] 闵行 区进度：stage=next_page, page=7, collected=209, status=running
2026-04-22 12:05:23 [阶段 1] 闵行 区进度：stage=next_page, page=9, collected=269, status=running
2026-04-22 12:05:28 [阶段 1] 闵行 区进度：stage=next_page, page=11, collected=329, status=running
2026-04-22 12:05:33 [阶段 1] 闵行 区进度：stage=finished, page=13, collected=342, status=done
2026-04-22 12:05:33 [阶段 1] 闵行 区完成：保留 342 套（原始 342 套），页数 13, 停止原因 no_matching_rows, 耗时 0.7分钟
2026-04-22 12:05:35 [阶段 1] 重新加载页面，准备抓取虹口区 (8/10)
2026-04-22 12:05:39 [阶段 1] JavaScript 收集器已重置
2026-04-22 12:05:39 [阶段 1] 开始处理 虹口 区 (8/10)
2026-04-22 12:05:39 [阶段 1] 虹口 区进度：stage=prepare_filters, page=0, collected=0, status=running
2026-04-22 12:05:49 [阶段 1] 虹口 区进度：stage=sorting, page=0, collected=0, status=running
2026-04-22 12:05:54 [阶段 1] 虹口 区进度：stage=next_page, page=2, collected=60, status=running
2026-04-22 12:05:59 [阶段 1] 虹口 区进度：stage=next_page, page=5, collected=134, status=running
2026-04-22 12:06:04 [阶段 1] 虹口 区进度：stage=finished, page=7, collected=135, status=done
2026-04-22 12:06:04 [阶段 1] 虹口 区完成：保留 135 套（原始 135 套），页数 7, 停止原因 no_matching_rows, 耗时 0.5分钟
2026-04-22 12:06:05 [阶段 1] 重新加载页面，准备抓取杨浦区 (9/10)
2026-04-22 12:06:10 [阶段 1] JavaScript 收集器已重置
2026-04-22 12:06:10 [阶段 1] 开始处理 杨浦 区 (9/10)
2026-04-22 12:06:10 [阶段 1] 杨浦 区进度：stage=prepare_filters, page=0, collected=0, status=running
2026-04-22 12:06:20 [阶段 1] 杨浦 区进度：stage=sorting, page=0, collected=0, status=running
2026-04-22 12:06:25 [阶段 1] 杨浦 区进度：stage=next_page, page=2, collected=60, status=running
2026-04-22 12:06:30 [阶段 1] 杨浦 区进度：stage=next_page, page=4, collected=120, status=running
2026-04-22 12:06:35 [阶段 1] 杨浦 区进度：stage=next_page, page=7, collected=195, status=running
2026-04-22 12:06:40 [阶段 1] 杨浦 区进度：stage=finished, page=8, collected=195, status=done
2026-04-22 12:06:40 [阶段 1] 杨浦 区完成：保留 195 套（原始 195 套），页数 8, 停止原因 no_matching_rows, 耗时 0.6分钟
2026-04-22 12:06:41 [阶段 1] 重新加载页面，准备抓取嘉定区 (10/10)
2026-04-22 12:06:46 [阶段 1] JavaScript 收集器已重置
2026-04-22 12:06:46 [阶段 1] 开始处理 嘉定 区 (10/10)
2026-04-22 12:06:46 [阶段 1] 嘉定 区进度：stage=prepare_filters, page=0, collected=0, status=running
2026-04-22 12:06:56 [阶段 1] 嘉定 区进度：stage=sorting, page=0, collected=0, status=running
2026-04-22 12:07:01 [阶段 1] 嘉定 区进度：stage=next_page, page=2, collected=37, status=running
2026-04-22 12:07:06 [阶段 1] 嘉定 区进度：stage=finished, page=3, collected=37, status=done
2026-04-22 12:07:06 [阶段 1] 嘉定 区完成：保留 37 套（原始 37 套），页数 3, 停止原因 no_matching_rows, 耗时 0.4分钟
2026-04-22 12:07:07 [阶段 1] ============================================================
2026-04-22 12:07:07 [阶段 1] 抓取完成，共 2881 套房源
2026-04-22 12:07:07 [阶段 1] 总耗时：7.9分钟
2026-04-22 12:07:07 [阶段 1] 平均总价：1134.5 万
2026-04-22 12:07:07 [阶段 1] 平均房源分：7.12
2026-04-22 12:07:07 [阶段 2] 开始数据校验
2026-04-22 12:07:07 [阶段 2] OK: 校验通过（2881 条）
2026-04-22 12:07:07 [阶段 3] 开始保存数据
2026-04-22 12:07:07 [阶段 3] OK: 成功保存 2881 条数据
2026-04-22 12:07:07 [完成] ============================================================
2026-04-22 12:07:07 [完成] 抓取完成，总计 2881 套房源
2026-04-22 12:07:07 [完成] 数据文件：C:\Users\Huawei\.openclaw\workspace\tools\_house_grab_runtime\data.json
2026-04-22 12:07:09 [控制] 阶段 1 抓取（总控重试 1/2） 返回码：0，耗时 479.7 秒
2026-04-22 12:07:09 [控制] 执行 阶段 2 验证（总控重试 1/1）：第 1/1 次
2026-04-22 12:07:09 [控制] 执行 阶段 2 验证：第 1/1 次
2026-04-22 12:07:10 [阶段 2] ==================================================
2026-04-22 12:07:10 [阶段 2] 开始数据校验
2026-04-22 12:07:10 [阶段 2] 校验通过，共 2881 条
2026-04-22 12:07:10 [控制] 阶段 2 验证 返回码：0，耗时 0.2 秒
2026-04-22 12:07:11 [控制] 进度报告已发送
2026-04-22 12:07:11 [控制] 检查目标 Excel 文件占用：daily_followup.xlsm
2026-04-22 12:07:17 [控制] 执行 阶段 3 写入 Excel：第 1/1 次
2026-04-22 12:07:17 [阶段 3] 写入尝试 1/2
2026-04-22 12:07:17 [阶段 3] 开始离线写入 Excel（使用 win32com，保留宏）
2026-04-22 12:07:17 [阶段 3] 读取到 2881 套房源
2026-04-22 12:07:19 [阶段 3] 已备份工作簿：daily_followup.stage3_backup.20260422_120717.xlsm
2026-04-22 12:07:19 [阶段 3] 创建 Excel 实例...
2026-04-22 12:07:20 [阶段 3] 打开工作簿：D:\Unique work form\daily_followup.xlsm
2026-04-22 12:07:29 [阶段 3] 目标工作表：房      源
2026-04-22 12:07:29 [阶段 3] 加载房龄库...
2026-04-22 12:08:15 [阶段 3] 房龄库加载完成：3971 条记录
2026-04-22 12:08:15 [阶段 3] 房龄自动匹配：2750/2881 套
2026-04-22 12:08:15 [阶段 3] 清空旧数据区域：第 4 行到第 9333 行
2026-04-22 12:08:15 [阶段 3] 开始写入新数据...
2026-04-22 12:08:15 [阶段 3] 表头已存在（行政区），跳过表头写入
2026-04-22 12:08:15 [阶段 3] 批量构建写入数据...
2026-04-22 12:08:15 [阶段 3] 批量写入数据到 Excel...
2026-04-22 12:08:15 [阶段 3] 已写入 2881/2881 行
2026-04-22 12:08:15 [阶段 3] 设置筛选范围：A3:N2884
2026-04-22 12:08:15 [阶段 3] 保存工作簿...
2026-04-22 12:08:19 [阶段 3] 数据写入完成，文件已保存
2026-04-22 12:08:20 [阶段 3] 保存后校验到 2881 行数据
2026-04-22 12:08:20 [阶段 3] 已跳过宏：区域房龄刷新（该宏会截断房源行数）
2026-04-22 12:08:20 [阶段 3] 写入完成，共 2881 套
2026-04-22 12:08:20 [控制] 阶段 3 写入 Excel 返回码：0，耗时 62.5 秒
2026-04-22 12:08:20 [控制] 刷新团团助手缓存
2026-04-22 12:08:56 [控制] OK: 缓存刷新完成
2026-04-22 12:08:56 [控制] 打开 Excel 并定位到房源表...
2026-04-22 12:09:12 [控制] OK: Excel 已打开并定位到房源表
2026-04-22 12:09:13 [控制] 进度报告已发送
2026-04-22 12:09:14 [控制] Telegram 通知已发送
2026-04-23 09:12:23 [控制] 检查并清理旧进程...
2026-04-23 09:12:23 [控制] 清理旧进程：无旧进程
2026-04-23 09:12:25 [控制] 房源抓取任务启动
2026-04-23 09:12:27 [控制] 执行 阶段 1 抓取（总控重试 1/2）：第 1/1 次
2026-04-23 09:12:28 [阶段 1] ============================================================
2026-04-23 09:12:28 [阶段 1] 开始房源抓取（页面内执行同源 JS 逻辑）
2026-04-23 09:12:28 [阶段 1] 目标 URL: https://house.link.lianjia.com/search/sale/default/gdiv_mt
2026-04-23 09:12:28 [阶段 1] 价格要求：700-10000 万
2026-04-23 09:12:28 [阶段 1] 筛选规则：房源分 >= 6.0 或最近 3 天/小时内
2026-04-23 09:12:28 [阶段 1] 抓取区顺序：浦东、长宁、静安、黄浦、徐汇、普陀、闵行、虹口、杨浦、嘉定
2026-04-23 09:12:28 [阶段 1] 超时保护：整体90分钟，单区15分钟
2026-04-23 09:12:30 [阶段 1] 未检测到调试 Chrome，准备自动启动专用调试窗口
2026-04-23 09:12:34 [阶段 1] 调试启动输出：Starting Chrome with debugger...
Waiting for Chrome debugger port...
DEBUG_PORT_READY:9222
Chrome started successfully on port 9222
2026-04-23 09:12:34 [阶段 1] OK: 调试 Chrome 已启动，复用工作区 ChromeDebugProfile
2026-04-23 09:12:34 [阶段 1] 提示：浏览器窗口已打开，请勿手动关闭
2026-04-23 09:12:34 [阶段 1] 连接 Chrome...
2026-04-23 09:12:34 [阶段 1] 尝试连接 Chrome 调试端口 (尝试 1/3)...
2026-04-23 09:12:42 [阶段 1] Chrome 连接成功
2026-04-23 09:12:42 [阶段 1] OK: Chrome 连接成功
2026-04-23 09:12:42 [阶段 1] 初始化页面（仅加载一次）...
2026-04-23 09:12:42 [阶段 1] 打开页面：https://house.link.lianjia.com/search/sale/default/gdiv_mt
2026-04-23 09:12:45 [阶段 1] 检测到登录页，等待你在专用调试窗口完成扫码登录...
2026-04-23 09:13:19 [阶段 1] Telegram 登录提醒已发送
2026-04-23 09:14:45 [阶段 1] ERROR: 页面在 120 秒内未进入可抓取状态
2026-04-23 09:14:45 [阶段 1] 提示：请在专用调试窗口完成登录后重试
2026-04-23 09:14:47 [控制] 阶段 1 抓取（总控重试 1/2） 返回码：1，耗时 139.9 秒
2026-04-23 09:14:47 [控制] 阶段 1 抓取（总控重试 1/2） 失败，10 秒后整轮重抓
2026-04-23 09:14:57 [控制] 执行 阶段 1 抓取（总控重试 2/2）：第 1/1 次
2026-04-23 09:14:57 [阶段 1] ============================================================
2026-04-23 09:14:57 [阶段 1] 开始房源抓取（页面内执行同源 JS 逻辑）
2026-04-23 09:14:57 [阶段 1] 目标 URL: https://house.link.lianjia.com/search/sale/default/gdiv_mt
2026-04-23 09:14:57 [阶段 1] 价格要求：700-10000 万
2026-04-23 09:14:57 [阶段 1] 筛选规则：房源分 >= 6.0 或最近 3 天/小时内
2026-04-23 09:14:57 [阶段 1] 抓取区顺序：浦东、长宁、静安、黄浦、徐汇、普陀、闵行、虹口、杨浦、嘉定
2026-04-23 09:14:57 [阶段 1] 超时保护：整体90分钟，单区15分钟
2026-04-23 09:14:57 [阶段 1] 连接 Chrome...
2026-04-23 09:14:57 [阶段 1] 尝试连接 Chrome 调试端口 (尝试 1/3)...
2026-04-23 09:14:58 [阶段 1] Chrome 连接成功
2026-04-23 09:14:58 [阶段 1] OK: Chrome 连接成功
2026-04-23 09:14:58 [阶段 1] 初始化页面（仅加载一次）...
2026-04-23 09:14:58 [阶段 1] 打开页面：https://house.link.lianjia.com/search/sale/default/gdiv_mt
2026-04-23 09:15:02 [阶段 1] 检测到登录页，等待你在专用调试窗口完成扫码登录...
2026-04-23 09:15:36 [阶段 1] Telegram 登录提醒已发送
2026-04-23 09:16:27 [阶段 1] 页面就绪，开始逐区抓取
2026-04-23 09:16:27 [阶段 1] 重新加载页面，准备抓取浦东区 (1/10)
2026-04-23 09:16:32 [阶段 1] JavaScript 收集器已重置
2026-04-23 09:16:32 [阶段 1] 开始处理 浦东 区 (1/10)
2026-04-23 09:16:32 [阶段 1] 浦东 区进度：stage=prepare_filters, page=0, collected=0, status=running
2026-04-23 09:16:42 [阶段 1] 浦东 区进度：stage=sorting, page=0, collected=0, status=running
2026-04-23 09:16:47 [阶段 1] 浦东 区进度：stage=next_page, page=2, collected=60, status=running
2026-04-23 09:16:52 [阶段 1] 浦东 区进度：stage=next_page, page=4, collected=120, status=running
2026-04-23 09:16:57 [阶段 1] 浦东 区进度：stage=next_page, page=6, collected=180, status=running
2026-04-23 09:17:03 [阶段 1] 浦东 区进度：stage=next_page, page=8, collected=240, status=running
2026-04-23 09:17:08 [阶段 1] 浦东 区进度：stage=next_page, page=10, collected=300, status=running
2026-04-23 09:17:13 [阶段 1] 浦东 区进度：stage=next_page, page=12, collected=360, status=running
2026-04-23 09:17:18 [阶段 1] 浦东 区进度：stage=next_page, page=14, collected=420, status=running
2026-04-23 09:17:23 [阶段 1] 浦东 区进度：stage=next_page, page=16, collected=480, status=running
2026-04-23 09:17:29 [阶段 1] 浦东 区进度：stage=next_page, page=18, collected=540, status=running
2026-04-23 09:17:34 [阶段 1] 浦东 区进度：stage=next_page, page=20, collected=600, status=running
2026-04-23 09:17:39 [阶段 1] 浦东 区进度：stage=next_page, page=22, collected=660, status=running
2026-04-23 09:17:44 [阶段 1] 浦东 区进度：stage=next_page, page=24, collected=720, status=running
2026-04-23 09:17:49 [阶段 1] 浦东 区进度：stage=next_page, page=26, collected=780, status=running
2026-04-23 09:17:54 [阶段 1] 浦东 区进度：stage=next_page, page=27, collected=795, status=running
2026-04-23 09:17:59 [阶段 1] 浦东 区进度：stage=next_page, page=29, collected=797, status=running
2026-04-23 09:18:04 [阶段 1] 浦东 区进度：stage=finished, page=31, collected=799, status=done
2026-04-23 09:18:04 [阶段 1] 浦东 区完成：保留 799 套（原始 799 套），页数 31, 停止原因 no_matching_rows, 耗时 1.6分钟
2026-04-23 09:18:05 [阶段 1] 重新加载页面，准备抓取长宁区 (2/10)
2026-04-23 09:18:11 [阶段 1] JavaScript 收集器已重置
2026-04-23 09:18:11 [阶段 1] 开始处理 长宁 区 (2/10)
2026-04-23 09:18:11 [阶段 1] 长宁 区进度：stage=prepare_filters, page=0, collected=0, status=running
2026-04-23 09:18:21 [阶段 1] 长宁 区进度：stage=sorting, page=0, collected=0, status=running
2026-04-23 09:18:26 [阶段 1] 长宁 区进度：stage=next_page, page=2, collected=60, status=running
2026-04-23 09:18:31 [阶段 1] 长宁 区进度：stage=next_page, page=4, collected=120, status=running
2026-04-23 09:18:36 [阶段 1] 长宁 区进度：stage=next_page, page=6, collected=180, status=running
2026-04-23 09:18:41 [阶段 1] 长宁 区进度：stage=next_page, page=8, collected=240, status=running
2026-04-23 09:18:46 [阶段 1] 长宁 区进度：stage=finished, page=10, collected=249, status=done
2026-04-23 09:18:46 [阶段 1] 长宁 区完成：保留 249 套（原始 249 套），页数 10, 停止原因 no_matching_rows, 耗时 0.7分钟
2026-04-23 09:18:48 [阶段 1] 重新加载页面，准备抓取静安区 (3/10)
2026-04-23 09:18:52 [阶段 1] JavaScript 收集器已重置
2026-04-23 09:18:52 [阶段 1] 开始处理 静安 区 (3/10)
2026-04-23 09:18:52 [阶段 1] 静安 区进度：stage=prepare_filters, page=0, collected=0, status=running
2026-04-23 09:19:02 [阶段 1] 静安 区进度：stage=sorting, page=0, collected=0, status=running
2026-04-23 09:19:07 [阶段 1] 静安 区进度：stage=next_page, page=2, collected=60, status=running
2026-04-23 09:19:12 [阶段 1] 静安 区进度：stage=next_page, page=4, collected=120, status=running
2026-04-23 09:19:17 [阶段 1] 静安 区进度：stage=next_page, page=6, collected=178, status=running
2026-04-23 09:19:22 [阶段 1] 静安 区进度：stage=next_page, page=8, collected=238, status=running
2026-04-23 09:19:27 [阶段 1] 静安 区进度：stage=next_page, page=10, collected=298, status=running
2026-04-23 09:19:32 [阶段 1] 静安 区进度：stage=finished, page=11, collected=298, status=done
2026-04-23 09:19:32 [阶段 1] 静安 区完成：保留 298 套（原始 298 套），页数 11, 停止原因 no_matching_rows, 耗时 0.7分钟
2026-04-23 09:19:34 [阶段 1] 重新加载页面，准备抓取黄浦区 (4/10)
2026-04-23 09:19:39 [阶段 1] JavaScript 收集器已重置
2026-04-23 09:19:39 [阶段 1] 开始处理 黄浦 区 (4/10)
2026-04-23 09:19:39 [阶段 1] 黄浦 区进度：stage=prepare_filters, page=0, collected=0, status=running
2026-04-23 09:19:49 [阶段 1] 黄浦 区进度：stage=sorting, page=0, collected=0, status=running
2026-04-23 09:19:54 [阶段 1] 黄浦 区进度：stage=next_page, page=2, collected=60, status=running
2026-04-23 09:20:00 [阶段 1] 黄浦 区进度：stage=next_page, page=4, collected=120, status=running
2026-04-23 09:20:05 [阶段 1] 黄浦 区进度：stage=next_page, page=6, collected=180, status=running
2026-04-23 09:20:10 [阶段 1] 黄浦 区进度：stage=next_page, page=8, collected=227, status=running
2026-04-23 09:20:15 [阶段 1] 黄浦 区进度：stage=finished, page=9, collected=227, status=done
2026-04-23 09:20:15 [阶段 1] 黄浦 区完成：保留 227 套（原始 227 套），页数 9, 停止原因 no_matching_rows, 耗时 0.7分钟
2026-04-23 09:20:16 [阶段 1] 重新加载页面，准备抓取徐汇区 (5/10)
2026-04-23 09:20:21 [阶段 1] JavaScript 收集器已重置
2026-04-23 09:20:21 [阶段 1] 开始处理 徐汇 区 (5/10)
2026-04-23 09:20:21 [阶段 1] 徐汇 区进度：stage=prepare_filters, page=0, collected=0, status=running
2026-04-23 09:20:31 [阶段 1] 徐汇 区进度：stage=sorting, page=0, collected=0, status=running
2026-04-23 09:20:36 [阶段 1] 徐汇 区进度：stage=next_page, page=2, collected=60, status=running
2026-04-23 09:20:41 [阶段 1] 徐汇 区进度：stage=next_page, page=4, collected=119, status=running
2026-04-23 09:20:46 [阶段 1] 徐汇 区进度：stage=next_page, page=6, collected=179, status=running
2026-04-23 09:20:51 [阶段 1] 徐汇 区进度：stage=next_page, page=8, collected=238, status=running
2026-04-23 09:20:56 [阶段 1] 徐汇 区进度：stage=next_page, page=10, collected=295, status=running
2026-04-23 09:21:01 [阶段 1] 徐汇 区进度：stage=next_page, page=12, collected=299, status=running
2026-04-23 09:21:06 [阶段 1] 徐汇 区进度：stage=finished, page=14, collected=300, status=done
2026-04-23 09:21:06 [阶段 1] 徐汇 区完成：保留 300 套（原始 300 套），页数 14, 停止原因 no_matching_rows, 耗时 0.8分钟
2026-04-23 09:21:08 [阶段 1] 重新加载页面，准备抓取普陀区 (6/10)
2026-04-23 09:21:13 [阶段 1] JavaScript 收集器已重置
2026-04-23 09:21:13 [阶段 1] 开始处理 普陀 区 (6/10)
2026-04-23 09:21:13 [阶段 1] 普陀 区进度：stage=prepare_filters, page=0, collected=0, status=running
2026-04-23 09:21:23 [阶段 1] 普陀 区进度：stage=sorting, page=0, collected=0, status=running
2026-04-23 09:21:28 [阶段 1] 普陀 区进度：stage=next_page, page=2, collected=60, status=running
2026-04-23 09:21:33 [阶段 1] 普陀 区进度：stage=next_page, page=4, collected=120, status=running
2026-04-23 09:21:38 [阶段 1] 普陀 区进度：stage=next_page, page=6, collected=180, status=running
2026-04-23 09:21:43 [阶段 1] 普陀 区进度：stage=next_page, page=8, collected=240, status=running
2026-04-23 09:21:48 [阶段 1] 普陀 区进度：stage=finished, page=10, collected=267, status=done
2026-04-23 09:21:48 [阶段 1] 普陀 区完成：保留 267 套（原始 267 套），页数 10, 停止原因 no_matching_rows, 耗时 0.7分钟
2026-04-23 09:21:49 [阶段 1] 重新加载页面，准备抓取闵行区 (7/10)
2026-04-23 09:21:54 [阶段 1] JavaScript 收集器已重置
2026-04-23 09:21:54 [阶段 1] 开始处理 闵行 区 (7/10)
2026-04-23 09:21:54 [阶段 1] 闵行 区进度：stage=prepare_filters, page=0, collected=0, status=running
2026-04-23 09:22:04 [阶段 1] 闵行 区进度：stage=sorting, page=0, collected=0, status=running
2026-04-23 09:22:09 [阶段 1] 闵行 区进度：stage=next_page, page=2, collected=60, status=running
2026-04-23 09:22:14 [阶段 1] 闵行 区进度：stage=next_page, page=4, collected=118, status=running
2026-04-23 09:22:19 [阶段 1] 闵行 区进度：stage=next_page, page=6, collected=178, status=running
2026-04-23 09:22:24 [阶段 1] 闵行 区进度：stage=next_page, page=8, collected=238, status=running
2026-04-23 09:22:29 [阶段 1] 闵行 区进度：stage=next_page, page=10, collected=298, status=running
2026-04-23 09:22:34 [阶段 1] 闵行 区进度：stage=next_page, page=12, collected=340, status=running
2026-04-23 09:22:39 [阶段 1] 闵行 区进度：stage=finished, page=13, collected=340, status=done
2026-04-23 09:22:39 [阶段 1] 闵行 区完成：保留 340 套（原始 340 套），页数 13, 停止原因 no_matching_rows, 耗时 0.8分钟
2026-04-23 09:22:41 [阶段 1] 重新加载页面，准备抓取虹口区 (8/10)
2026-04-23 09:22:46 [阶段 1] JavaScript 收集器已重置
2026-04-23 09:22:46 [阶段 1] 开始处理 虹口 区 (8/10)
2026-04-23 09:22:46 [阶段 1] 虹口 区进度：stage=prepare_filters, page=0, collected=0, status=running
2026-04-23 09:22:56 [阶段 1] 虹口 区进度：stage=sorting, page=0, collected=0, status=running
2026-04-23 09:23:01 [阶段 1] 虹口 区进度：stage=next_page, page=2, collected=60, status=running
2026-04-23 09:23:06 [阶段 1] 虹口 区进度：stage=next_page, page=4, collected=120, status=running
2026-04-23 09:23:11 [阶段 1] 虹口 区进度：stage=next_page, page=6, collected=133, status=running
2026-04-23 09:23:16 [阶段 1] 虹口 区进度：stage=finished, page=7, collected=133, status=done
2026-04-23 09:23:16 [阶段 1] 虹口 区完成：保留 133 套（原始 133 套），页数 7, 停止原因 no_matching_rows, 耗时 0.6分钟
2026-04-23 09:23:18 [阶段 1] 重新加载页面，准备抓取杨浦区 (9/10)
2026-04-23 09:23:22 [阶段 1] JavaScript 收集器已重置
2026-04-23 09:23:22 [阶段 1] 开始处理 杨浦 区 (9/10)
2026-04-23 09:23:22 [阶段 1] 杨浦 区进度：stage=prepare_filters, page=0, collected=0, status=running
2026-04-23 09:23:32 [阶段 1] 杨浦 区进度：stage=sorting, page=0, collected=0, status=running
2026-04-23 09:23:37 [阶段 1] 杨浦 区进度：stage=next_page, page=2, collected=60, status=running
2026-04-23 09:23:42 [阶段 1] 杨浦 区进度：stage=next_page, page=4, collected=120, status=running
2026-04-23 09:23:47 [阶段 1] 杨浦 区进度：stage=next_page, page=6, collected=180, status=running
2026-04-23 09:23:52 [阶段 1] 杨浦 区进度：stage=finished, page=8, collected=195, status=done
2026-04-23 09:23:52 [阶段 1] 杨浦 区完成：保留 195 套（原始 195 套），页数 8, 停止原因 no_matching_rows, 耗时 0.6分钟
2026-04-23 09:23:53 [阶段 1] 重新加载页面，准备抓取嘉定区 (10/10)
2026-04-23 09:23:58 [阶段 1] JavaScript 收集器已重置
2026-04-23 09:23:58 [阶段 1] 开始处理 嘉定 区 (10/10)
2026-04-23 09:23:58 [阶段 1] 嘉定 区进度：stage=prepare_filters, page=0, collected=0, status=running
2026-04-23 09:24:08 [阶段 1] 嘉定 区进度：stage=sorting, page=0, collected=0, status=running
2026-04-23 09:24:13 [阶段 1] 嘉定 区进度：stage=next_page, page=2, collected=36, status=running
2026-04-23 09:24:18 [阶段 1] 嘉定 区进度：stage=finished, page=3, collected=36, status=done
2026-04-23 09:24:18 [阶段 1] 嘉定 区完成：保留 36 套（原始 36 套），页数 3, 停止原因 no_matching_rows, 耗时 0.4分钟
2026-04-23 09:24:19 [阶段 1] ============================================================
2026-04-23 09:24:19 [阶段 1] 抓取完成，共 2844 套房源
2026-04-23 09:24:19 [阶段 1] 总耗时：9.4分钟
2026-04-23 09:24:19 [阶段 1] 平均总价：1132.9 万
2026-04-23 09:24:19 [阶段 1] 平均房源分：7.11
2026-04-23 09:24:19 [阶段 2] 开始数据校验
2026-04-23 09:24:19 [阶段 2] OK: 校验通过（2844 条）
2026-04-23 09:24:19 [阶段 3] 开始保存数据
2026-04-23 09:24:20 [阶段 3] OK: 成功保存 2844 条数据
2026-04-23 09:24:20 [完成] ============================================================
2026-04-23 09:24:20 [完成] 抓取完成，总计 2844 套房源
2026-04-23 09:24:20 [完成] 数据文件：C:\Users\Huawei\.openclaw\workspace\tools\_house_grab_runtime\data.json
2026-04-23 09:24:22 [控制] 阶段 1 抓取（总控重试 2/2） 返回码：0，耗时 565.2 秒
2026-04-23 09:24:22 [控制] 执行 阶段 2 验证（总控重试 1/1）：第 1/1 次
2026-04-23 09:24:22 [控制] 执行 阶段 2 验证：第 1/1 次
2026-04-23 09:24:22 [阶段 2] ==================================================
2026-04-23 09:24:22 [阶段 2] 开始数据校验
2026-04-23 09:24:22 [阶段 2] 校验通过，共 2844 条
2026-04-23 09:24:22 [控制] 阶段 2 验证 返回码：0，耗时 0.3 秒
2026-04-23 09:24:24 [控制] 进度报告已发送
2026-04-23 09:24:24 [控制] 检查目标 Excel 文件占用：daily_followup.xlsm
2026-04-23 09:24:32 [控制] 执行 阶段 3 写入 Excel：第 1/1 次
2026-04-23 09:24:32 [阶段 3] 写入尝试 1/2
2026-04-23 09:24:32 [阶段 3] 开始离线写入 Excel（使用 win32com，保留宏）
2026-04-23 09:24:32 [阶段 3] 读取到 2844 套房源
2026-04-23 09:24:32 [阶段 3] 已备份工作簿：daily_followup.stage3_backup.20260423_092432.xlsm
2026-04-23 09:24:32 [阶段 3] 创建 Excel 实例...
2026-04-23 09:24:35 [阶段 3] 打开工作簿：D:\Unique work form\daily_followup.xlsm
2026-04-23 09:24:44 [阶段 3] 目标工作表：房      源
2026-04-23 09:24:44 [阶段 3] 加载房龄库...
2026-04-23 09:26:08 [阶段 3] 房龄库加载完成：3971 条记录
2026-04-23 09:26:08 [阶段 3] 房龄自动匹配：2713/2844 套
2026-04-23 09:26:08 [阶段 3] 清空旧数据区域：第 4 行到第 9333 行
2026-04-23 09:26:08 [阶段 3] 开始写入新数据...
2026-04-23 09:26:08 [阶段 3] 表头已存在（行政区），跳过表头写入
2026-04-23 09:26:08 [阶段 3] 批量构建写入数据...
2026-04-23 09:26:08 [阶段 3] 批量写入数据到 Excel...
2026-04-23 09:26:09 [阶段 3] 已写入 2844/2844 行
2026-04-23 09:26:09 [阶段 3] 设置筛选范围：A3:N2847
2026-04-23 09:26:09 [阶段 3] 保存工作簿...
2026-04-23 09:26:16 [阶段 3] 数据写入完成，文件已保存
2026-04-23 09:26:17 [阶段 3] 保存后校验到 2844 行数据
2026-04-23 09:26:17 [阶段 3] 已跳过宏：区域房龄刷新（该宏会截断房源行数）
2026-04-23 09:26:17 [阶段 3] 写入完成，共 2844 套
2026-04-23 09:26:17 [控制] 阶段 3 写入 Excel 返回码：0，耗时 104.9 秒
2026-04-23 09:26:17 [控制] 刷新团团助手缓存
2026-04-23 09:27:19 [控制] OK: 缓存刷新完成
2026-04-23 09:27:19 [控制] 打开 Excel 并定位到房源表...
2026-04-23 09:27:35 [控制] OK: Excel 已打开并定位到房源表
2026-04-23 09:27:37 [控制] 进度报告已发送
2026-04-23 09:27:38 [控制] Telegram 通知已发送
2026-04-23 13:48:13 [阶段 3] 写入尝试 1/2
2026-04-23 13:48:13 [阶段 3] 开始离线写入 Excel（使用 win32com，保留宏）
2026-04-23 13:48:13 [阶段 3] 读取到 2844 套房源
2026-04-23 13:48:13 [阶段 3] 🔧 清理可能残留的 Excel 进程...
2026-04-23 13:48:16 [阶段 3] 已备份工作簿：daily_followup.stage3_backup.20260423_134816.xlsm
2026-04-23 13:48:16 [阶段 3] 创建 Excel 实例...
2026-04-23 13:48:18 [阶段 3] 打开工作簿：D:\Unique work form\daily_followup.xlsm
2026-04-23 13:48:33 [阶段 3] 目标工作表：房      源
2026-04-23 13:48:33 [阶段 3] 加载房龄库...
2026-04-23 13:50:22 [阶段 3] 房龄库加载完成：3971 条记录
2026-04-23 13:50:22 [阶段 3] 房龄自动匹配：2713/2844 套
2026-04-23 13:50:22 [阶段 3] 清空旧数据区域：第 4 行到第 9333 行
2026-04-23 13:50:22 [阶段 3] 开始写入新数据...
2026-04-23 13:50:22 [阶段 3] 表头已存在（行政区），跳过表头写入
2026-04-23 13:50:22 [阶段 3] 批量构建写入数据...
2026-04-23 13:50:22 [阶段 3] 批量写入数据到 Excel...
2026-04-23 13:50:23 [阶段 3] 已写入 2844/2844 行
2026-04-23 13:50:23 [阶段 3] 设置筛选范围：A3:N2847
2026-04-23 13:50:23 [阶段 3] 保存工作簿...
2026-04-23 13:50:29 [阶段 3] 数据写入完成，文件已保存
2026-04-23 13:50:29 [阶段 3] 关闭 Excel...
2026-04-23 13:50:29 [阶段 3] ✅ Excel 已正常关闭
2026-04-23 13:50:46 [阶段 3] 保存后校验到 2844 行数据
2026-04-23 13:50:46 [阶段 3] 已跳过宏：区域房龄刷新（该宏会截断房源行数）
2026-04-23 13:50:46 [阶段 3] 🔧 最终清理：强制释放所有 Excel 进程...
2026-04-23 13:50:47 [阶段 3] ✅ 清理完成
2026-04-23 13:50:47 [阶段 3] 写入完成，共 2844 套
2026-04-23 23:19:54 [控制] 检查并清理旧进程...
2026-04-23 23:19:54 [控制] 清理旧进程：无旧进程
2026-04-23 23:19:56 [控制] 房源抓取任务启动
2026-04-23 23:19:58 [控制] 执行 阶段 1 抓取（总控重试 1/2）：第 1/1 次
2026-04-23 23:19:58 [阶段 1] ============================================================
2026-04-23 23:19:58 [阶段 1] 开始房源抓取（页面内执行同源 JS 逻辑）
2026-04-23 23:19:58 [阶段 1] 目标 URL: https://house.link.lianjia.com/search/sale/default/gdiv_mt
2026-04-23 23:19:58 [阶段 1] 价格要求：700-10000 万
2026-04-23 23:19:58 [阶段 1] 筛选规则：房源分 >= 6.0 或最近 3 天/小时内
2026-04-23 23:19:58 [阶段 1] 抓取区顺序：浦东、长宁、静安、黄浦、徐汇、普陀、闵行、虹口、杨浦、嘉定
2026-04-23 23:19:58 [阶段 1] 超时保护：整体90分钟，单区15分钟
2026-04-23 23:20:01 [阶段 1] 未检测到调试 Chrome，准备自动启动专用调试窗口
2026-04-23 23:20:04 [阶段 1] 调试启动输出：Starting Chrome with debugger...
Waiting for Chrome debugger port...
DEBUG_PORT_READY:9222
Chrome started successfully on port 9222
2026-04-23 23:20:04 [阶段 1] OK: 调试 Chrome 已启动，复用工作区 ChromeDebugProfile
2026-04-23 23:20:04 [阶段 1] 提示：浏览器窗口已打开，请勿手动关闭
2026-04-23 23:20:04 [阶段 1] 连接 Chrome...
2026-04-23 23:20:04 [阶段 1] 尝试连接 Chrome 调试端口 (尝试 1/3)...
2026-04-23 23:20:08 [阶段 1] Chrome 连接成功
2026-04-23 23:20:08 [阶段 1] OK: Chrome 连接成功
2026-04-23 23:20:08 [阶段 1] 初始化页面（仅加载一次）...
2026-04-23 23:20:08 [阶段 1] 打开页面：https://house.link.lianjia.com/search/sale/default/gdiv_mt
2026-04-23 23:20:10 [阶段 1] 检测到登录页，等待你在专用调试窗口完成扫码登录...
2026-04-23 23:20:45 [阶段 1] Telegram 登录提醒已发送
2026-04-23 23:22:12 [阶段 1] ERROR: 页面在 120 秒内未进入可抓取状态
2026-04-23 23:22:12 [阶段 1] 提示：请在专用调试窗口完成登录后重试
2026-04-23 23:22:14 [控制] 阶段 1 抓取（总控重试 1/2） 返回码：1，耗时 135.9 秒
2026-04-23 23:22:14 [控制] 阶段 1 抓取（总控重试 1/2） 失败，10 秒后整轮重抓
2026-04-23 23:22:24 [控制] 执行 阶段 1 抓取（总控重试 2/2）：第 1/1 次
2026-04-23 23:22:24 [阶段 1] ============================================================
2026-04-23 23:22:24 [阶段 1] 开始房源抓取（页面内执行同源 JS 逻辑）
2026-04-23 23:22:24 [阶段 1] 目标 URL: https://house.link.lianjia.com/search/sale/default/gdiv_mt
2026-04-23 23:22:24 [阶段 1] 价格要求：700-10000 万
2026-04-23 23:22:24 [阶段 1] 筛选规则：房源分 >= 6.0 或最近 3 天/小时内
2026-04-23 23:22:24 [阶段 1] 抓取区顺序：浦东、长宁、静安、黄浦、徐汇、普陀、闵行、虹口、杨浦、嘉定
2026-04-23 23:22:24 [阶段 1] 超时保护：整体90分钟，单区15分钟
2026-04-23 23:22:24 [阶段 1] 连接 Chrome...
2026-04-23 23:22:24 [阶段 1] 尝试连接 Chrome 调试端口 (尝试 1/3)...
2026-04-23 23:22:25 [阶段 1] Chrome 连接成功
2026-04-23 23:22:25 [阶段 1] OK: Chrome 连接成功
2026-04-23 23:22:25 [阶段 1] 初始化页面（仅加载一次）...
2026-04-23 23:22:25 [阶段 1] 打开页面：https://house.link.lianjia.com/search/sale/default/gdiv_mt
2026-04-23 23:22:27 [阶段 1] 页面就绪，开始逐区抓取
2026-04-23 23:22:27 [阶段 1] 重新加载页面，准备抓取浦东区 (1/10)
2026-04-23 23:22:31 [阶段 1] JavaScript 收集器已重置
2026-04-23 23:22:31 [阶段 1] 开始处理 浦东 区 (1/10)
2026-04-23 23:22:31 [阶段 1] 浦东 区进度：stage=prepare_filters, page=0, collected=0, status=running
2026-04-23 23:22:41 [阶段 1] 浦东 区进度：stage=sorting, page=0, collected=0, status=running
2026-04-23 23:22:46 [阶段 1] 浦东 区进度：stage=next_page, page=2, collected=60, status=running
2026-04-23 23:22:51 [阶段 1] 浦东 区进度：stage=next_page, page=4, collected=120, status=running
2026-04-23 23:22:56 [阶段 1] 浦东 区进度：stage=next_page, page=6, collected=178, status=running
2026-04-23 23:23:01 [阶段 1] 浦东 区进度：stage=next_page, page=8, collected=238, status=running
2026-04-23 23:23:06 [阶段 1] 浦东 区进度：stage=next_page, page=10, collected=298, status=running
2026-04-23 23:23:11 [阶段 1] 浦东 区进度：stage=next_page, page=12, collected=358, status=running
2026-04-23 23:23:16 [阶段 1] 浦东 区进度：stage=next_page, page=14, collected=418, status=running
2026-04-23 23:23:21 [阶段 1] 浦东 区进度：stage=next_page, page=16, collected=478, status=running
2026-04-23 23:23:26 [阶段 1] 浦东 区进度：stage=next_page, page=18, collected=538, status=running
2026-04-23 23:23:31 [阶段 1] 浦东 区进度：stage=next_page, page=20, collected=598, status=running
2026-04-23 23:23:36 [阶段 1] 浦东 区进度：stage=next_page, page=22, collected=658, status=running
2026-04-23 23:23:41 [阶段 1] 浦东 区进度：stage=next_page, page=24, collected=718, status=running
2026-04-23 23:23:46 [阶段 1] 浦东 区进度：stage=next_page, page=26, collected=778, status=running
2026-04-23 23:23:51 [阶段 1] 浦东 区进度：stage=next_page, page=28, collected=838, status=running
2026-04-23 23:23:56 [阶段 1] 浦东 区进度：stage=next_page, page=30, collected=840, status=running
2026-04-23 23:24:01 [阶段 1] 浦东 区进度：stage=finished, page=32, collected=841, status=done
2026-04-23 23:24:01 [阶段 1] 浦东 区完成：保留 841 套（原始 841 套），页数 32, 停止原因 no_matching_rows, 耗时 1.6分钟
2026-04-23 23:24:03 [阶段 1] 重新加载页面，准备抓取长宁区 (2/10)
2026-04-23 23:24:07 [阶段 1] JavaScript 收集器已重置
2026-04-23 23:24:07 [阶段 1] 开始处理 长宁 区 (2/10)
2026-04-23 23:24:07 [阶段 1] 长宁 区进度：stage=prepare_filters, page=0, collected=0, status=running
2026-04-23 23:24:17 [阶段 1] 长宁 区进度：stage=sorting, page=0, collected=0, status=running
2026-04-23 23:24:22 [阶段 1] 长宁 区进度：stage=next_page, page=2, collected=60, status=running
2026-04-23 23:24:27 [阶段 1] 长宁 区进度：stage=next_page, page=4, collected=120, status=running
2026-04-23 23:24:32 [阶段 1] 长宁 区进度：stage=next_page, page=6, collected=180, status=running
2026-04-23 23:24:37 [阶段 1] 长宁 区进度：stage=next_page, page=9, collected=250, status=running
2026-04-23 23:24:42 [阶段 1] 长宁 区进度：stage=finished, page=11, collected=251, status=done
2026-04-23 23:24:42 [阶段 1] 长宁 区完成：保留 251 套（原始 251 套），页数 11, 停止原因 no_matching_rows, 耗时 0.7分钟
2026-04-23 23:24:46 [阶段 1] 重新加载页面，准备抓取静安区 (3/10)
2026-04-23 23:24:50 [阶段 1] JavaScript 收集器已重置
2026-04-23 23:24:50 [阶段 1] 开始处理 静安 区 (3/10)
2026-04-23 23:24:50 [阶段 1] 静安 区进度：stage=prepare_filters, page=0, collected=0, status=running
2026-04-23 23:25:00 [阶段 1] 静安 区进度：stage=sorting, page=0, collected=0, status=running
2026-04-23 23:25:05 [阶段 1] 静安 区进度：stage=next_page, page=2, collected=60, status=running
2026-04-23 23:25:10 [阶段 1] 静安 区进度：stage=next_page, page=4, collected=120, status=running
2026-04-23 23:25:15 [阶段 1] 静安 区进度：stage=next_page, page=6, collected=178, status=running
2026-04-23 23:25:21 [阶段 1] 静安 区进度：stage=next_page, page=8, collected=238, status=running
2026-04-23 23:25:26 [阶段 1] 静安 区进度：stage=next_page, page=10, collected=298, status=running
2026-04-23 23:25:31 [阶段 1] 静安 区进度：stage=finished, page=12, collected=301, status=done
2026-04-23 23:25:31 [阶段 1] 静安 区完成：保留 301 套（原始 301 套），页数 12, 停止原因 no_matching_rows, 耗时 0.7分钟
2026-04-23 23:25:32 [阶段 1] 重新加载页面，准备抓取黄浦区 (4/10)
2026-04-23 23:25:37 [阶段 1] JavaScript 收集器已重置
2026-04-23 23:25:37 [阶段 1] 开始处理 黄浦 区 (4/10)
2026-04-23 23:25:37 [阶段 1] 黄浦 区进度：stage=prepare_filters, page=0, collected=0, status=running
2026-04-23 23:25:47 [阶段 1] 黄浦 区进度：stage=sorting, page=0, collected=0, status=running
2026-04-23 23:25:52 [阶段 1] 黄浦 区进度：stage=next_page, page=2, collected=60, status=running
2026-04-23 23:25:57 [阶段 1] 黄浦 区进度：stage=next_page, page=4, collected=120, status=running
2026-04-23 23:26:02 [阶段 1] 黄浦 区进度：stage=next_page, page=6, collected=180, status=running
2026-04-23 23:26:07 [阶段 1] 黄浦 区进度：stage=next_page, page=8, collected=217, status=running
2026-04-23 23:26:12 [阶段 1] 黄浦 区进度：stage=finished, page=9, collected=217, status=done
2026-04-23 23:26:12 [阶段 1] 黄浦 区完成：保留 217 套（原始 217 套），页数 9, 停止原因 no_matching_rows, 耗时 0.7分钟
2026-04-23 23:26:13 [阶段 1] 重新加载页面，准备抓取徐汇区 (5/10)
2026-04-23 23:26:17 [阶段 1] JavaScript 收集器已重置
2026-04-23 23:26:17 [阶段 1] 开始处理 徐汇 区 (5/10)
2026-04-23 23:26:17 [阶段 1] 徐汇 区进度：stage=prepare_filters, page=0, collected=0, status=running
2026-04-23 23:26:27 [阶段 1] 徐汇 区进度：stage=sorting, page=0, collected=0, status=running
2026-04-23 23:26:32 [阶段 1] 徐汇 区进度：stage=next_page, page=2, collected=60, status=running
2026-04-23 23:26:37 [阶段 1] 徐汇 区进度：stage=next_page, page=4, collected=119, status=running
2026-04-23 23:26:42 [阶段 1] 徐汇 区进度：stage=next_page, page=6, collected=179, status=running
2026-04-23 23:26:47 [阶段 1] 徐汇 区进度：stage=next_page, page=9, collected=268, status=running
2026-04-23 23:26:52 [阶段 1] 徐汇 区进度：stage=finished, page=11, collected=298, status=done
2026-04-23 23:26:52 [阶段 1] 徐汇 区完成：保留 298 套（原始 298 套），页数 11, 停止原因 no_matching_rows, 耗时 0.7分钟
2026-04-23 23:26:54 [阶段 1] 重新加载页面，准备抓取普陀区 (6/10)
2026-04-23 23:26:58 [阶段 1] JavaScript 收集器已重置
2026-04-23 23:26:58 [阶段 1] 开始处理 普陀 区 (6/10)
2026-04-23 23:26:58 [阶段 1] 普陀 区进度：stage=prepare_filters, page=0, collected=0, status=running
2026-04-23 23:27:08 [阶段 1] 普陀 区进度：stage=sorting, page=0, collected=0, status=running
2026-04-23 23:27:13 [阶段 1] 普陀 区进度：stage=next_page, page=2, collected=60, status=running
2026-04-23 23:27:18 [阶段 1] 普陀 区进度：stage=next_page, page=4, collected=120, status=running
2026-04-23 23:27:23 [阶段 1] 普陀 区进度：stage=next_page, page=6, collected=180, status=running
2026-04-23 23:27:28 [阶段 1] 普陀 区进度：stage=next_page, page=8, collected=240, status=running
2026-04-23 23:27:33 [阶段 1] 普陀 区进度：stage=next_page, page=10, collected=273, status=running
2026-04-23 23:27:38 [阶段 1] 普陀 区进度：stage=next_page, page=12, collected=276, status=running
2026-04-23 23:27:43 [阶段 1] 普陀 区进度：stage=next_page, page=14, collected=280, status=running
2026-04-23 23:27:48 [阶段 1] 普陀 区进度：stage=finished, page=16, collected=283, status=done
2026-04-23 23:27:48 [阶段 1] 普陀 区完成：保留 283 套（原始 283 套），页数 16, 停止原因 no_matching_rows, 耗时 0.9分钟
2026-04-23 23:27:50 [阶段 1] 重新加载页面，准备抓取闵行区 (7/10)
2026-04-23 23:27:54 [阶段 1] JavaScript 收集器已重置
2026-04-23 23:27:54 [阶段 1] 开始处理 闵行 区 (7/10)
2026-04-23 23:27:54 [阶段 1] 闵行 区进度：stage=prepare_filters, page=0, collected=0, status=running
2026-04-23 23:28:04 [阶段 1] 闵行 区进度：stage=sorting, page=0, collected=0, status=running
2026-04-23 23:28:09 [阶段 1] 闵行 区进度：stage=next_page, page=2, collected=60, status=running
2026-04-23 23:28:14 [阶段 1] 闵行 区进度：stage=next_page, page=4, collected=118, status=running
2026-04-23 23:28:19 [阶段 1] 闵行 区进度：stage=next_page, page=6, collected=178, status=running
2026-04-23 23:28:24 [阶段 1] 闵行 区进度：stage=next_page, page=8, collected=238, status=running
2026-04-23 23:28:29 [阶段 1] 闵行 区进度：stage=next_page, page=10, collected=298, status=running
2026-04-23 23:28:34 [阶段 1] 闵行 区进度：stage=next_page, page=12, collected=336, status=running
2026-04-23 23:28:39 [阶段 1] 闵行 区进度：stage=finished, page=14, collected=337, status=done
2026-04-23 23:28:39 [阶段 1] 闵行 区完成：保留 337 套（原始 337 套），页数 14, 停止原因 no_matching_rows, 耗时 0.8分钟
2026-04-23 23:28:41 [阶段 1] 重新加载页面，准备抓取虹口区 (8/10)
2026-04-23 23:28:45 [阶段 1] JavaScript 收集器已重置
2026-04-23 23:28:45 [阶段 1] 开始处理 虹口 区 (8/10)
2026-04-23 23:28:45 [阶段 1] 虹口 区进度：stage=prepare_filters, page=0, collected=0, status=running
2026-04-23 23:28:55 [阶段 1] 虹口 区进度：stage=sorting, page=0, collected=0, status=running
2026-04-23 23:29:00 [阶段 1] 虹口 区进度：stage=next_page, page=2, collected=60, status=running
2026-04-23 23:29:05 [阶段 1] 虹口 区进度：stage=next_page, page=4, collected=120, status=running
2026-04-23 23:29:10 [阶段 1] 虹口 区进度：stage=finished, page=6, collected=133, status=done
2026-04-23 23:29:10 [阶段 1] 虹口 区完成：保留 133 套（原始 133 套），页数 6, 停止原因 no_matching_rows, 耗时 0.5分钟
2026-04-23 23:29:11 [阶段 1] 重新加载页面，准备抓取杨浦区 (9/10)
2026-04-23 23:29:17 [阶段 1] JavaScript 收集器已重置
2026-04-23 23:29:17 [阶段 1] 开始处理 杨浦 区 (9/10)
2026-04-23 23:29:17 [阶段 1] 杨浦 区进度：stage=prepare_filters, page=0, collected=0, status=running
2026-04-23 23:29:27 [阶段 1] 杨浦 区进度：stage=sorting, page=0, collected=0, status=running
2026-04-23 23:29:32 [阶段 1] 杨浦 区进度：stage=next_page, page=2, collected=60, status=running
2026-04-23 23:29:37 [阶段 1] 杨浦 区进度：stage=next_page, page=4, collected=120, status=running
2026-04-23 23:29:42 [阶段 1] 杨浦 区进度：stage=next_page, page=7, collected=210, status=running
2026-04-23 23:29:47 [阶段 1] 杨浦 区进度：stage=finished, page=9, collected=214, status=done
2026-04-23 23:29:47 [阶段 1] 杨浦 区完成：保留 214 套（原始 214 套），页数 9, 停止原因 no_matching_rows, 耗时 0.6分钟
2026-04-23 23:29:48 [阶段 1] 重新加载页面，准备抓取嘉定区 (10/10)
2026-04-23 23:29:52 [阶段 1] JavaScript 收集器已重置
2026-04-23 23:29:52 [阶段 1] 开始处理 嘉定 区 (10/10)
2026-04-23 23:29:52 [阶段 1] 嘉定 区进度：stage=prepare_filters, page=0, collected=0, status=running
2026-04-23 23:30:02 [阶段 1] 嘉定 区进度：stage=sorting, page=0, collected=0, status=running
2026-04-23 23:30:07 [阶段 1] 嘉定 区进度：stage=next_page, page=2, collected=40, status=running
2026-04-23 23:30:12 [阶段 1] 嘉定 区进度：stage=finished, page=3, collected=40, status=done
2026-04-23 23:30:12 [阶段 1] 嘉定 区完成：保留 40 套（原始 40 套），页数 3, 停止原因 no_matching_rows, 耗时 0.4分钟
2026-04-23 23:30:14 [阶段 1] ============================================================
2026-04-23 23:30:14 [阶段 1] 抓取完成，共 2915 套房源
2026-04-23 23:30:14 [阶段 1] 总耗时：7.8分钟
2026-04-23 23:30:14 [阶段 1] 平均总价：1114.3 万
2026-04-23 23:30:14 [阶段 1] 平均房源分：7.09
2026-04-23 23:30:14 [阶段 2] 开始数据校验
2026-04-23 23:30:14 [阶段 2] OK: 校验通过（2915 条）
2026-04-23 23:30:14 [阶段 3] 开始保存数据
2026-04-23 23:30:14 [阶段 3] OK: 成功保存 2915 条数据
2026-04-23 23:30:14 [完成] ============================================================
2026-04-23 23:30:14 [完成] 抓取完成，总计 2915 套房源
2026-04-23 23:30:14 [完成] 数据文件：C:\Users\Huawei\.openclaw\workspace\tools\_house_grab_runtime\data.json
2026-04-23 23:30:16 [控制] 阶段 1 抓取（总控重试 2/2） 返回码：0，耗时 472.3 秒
2026-04-23 23:30:16 [控制] 执行 阶段 2 验证（总控重试 1/1）：第 1/1 次
2026-04-23 23:30:16 [控制] 执行 阶段 2 验证：第 1/1 次
2026-04-23 23:30:16 [阶段 2] ==================================================
2026-04-23 23:30:16 [阶段 2] 开始数据校验
2026-04-23 23:30:16 [阶段 2] 校验通过，共 2915 条
2026-04-23 23:30:16 [控制] 阶段 2 验证 返回码：0，耗时 0.2 秒
2026-04-23 23:30:18 [控制] 进度报告已发送
2026-04-23 23:30:18 [控制] 检查目标 Excel 文件占用：daily_followup.xlsm
2026-04-23 23:30:23 [控制] 执行 阶段 3 写入 Excel：第 1/1 次
2026-04-23 23:30:23 [阶段 3] 写入尝试 1/2
2026-04-23 23:30:23 [阶段 3] 开始离线写入 Excel（使用 win32com，保留宏）
2026-04-23 23:30:23 [阶段 3] 读取到 2915 套房源
2026-04-23 23:30:23 [阶段 3] 🔧 清理可能残留的 Excel 进程...
2026-04-23 23:30:25 [阶段 3] 已备份工作簿：daily_followup.stage3_backup.20260423_233025.xlsm
2026-04-23 23:30:25 [阶段 3] 创建 Excel 实例...
2026-04-23 23:30:27 [阶段 3] 打开工作簿：D:\Unique work form\daily_followup.xlsm
2026-04-23 23:30:36 [阶段 3] 目标工作表：房      源
2026-04-23 23:30:36 [阶段 3] 加载房龄库...
2026-04-23 23:31:15 [阶段 3] 房龄库加载完成：3971 条记录
2026-04-23 23:31:15 [阶段 3] 房龄自动匹配：2777/2915 套
2026-04-23 23:31:15 [阶段 3] 清空旧数据区域：第 4 行到第 9333 行
2026-04-23 23:31:16 [阶段 3] 开始写入新数据...
2026-04-23 23:31:16 [阶段 3] 表头已存在（行政区），跳过表头写入
2026-04-23 23:31:16 [阶段 3] 批量构建写入数据...
2026-04-23 23:31:16 [阶段 3] 批量写入数据到 Excel...
2026-04-23 23:31:16 [阶段 3] 已写入 2915/2915 行
2026-04-23 23:31:17 [阶段 3] 设置筛选范围：A3:N2918
2026-04-23 23:31:17 [阶段 3] 保存工作簿...
2026-04-23 23:31:21 [阶段 3] 数据写入完成，文件已保存
2026-04-23 23:31:21 [阶段 3] 关闭 Excel...
2026-04-23 23:31:21 [阶段 3] ✅ Excel 已正常关闭
2026-04-23 23:31:22 [阶段 3] 保存后校验到 2915 行数据
2026-04-23 23:31:22 [阶段 3] 已跳过宏：区域房龄刷新（该宏会截断房源行数）
2026-04-23 23:31:22 [阶段 3] 🔧 最终清理：强制释放所有 Excel 进程...
2026-04-23 23:31:23 [阶段 3] ✅ 清理完成
2026-04-23 23:31:23 [阶段 3] 写入完成，共 2915 套
2026-04-23 23:31:23 [控制] 阶段 3 写入 Excel 返回码：0，耗时 60.0 秒
2026-04-23 23:31:23 [控制] 刷新团团助手缓存
2026-04-23 23:32:01 [控制] OK: 缓存刷新完成
2026-04-23 23:32:01 [控制] 打开 Excel 并定位到房源表...
2026-04-23 23:32:17 [控制] OK: Excel 已打开并定位到房源表
2026-04-23 23:32:18 [控制] 进度报告已发送
2026-04-23 23:32:20 [控制] Telegram 通知已发送
2026-04-26 17:25:13 [控制] 检查并清理旧进程...
2026-04-26 17:25:13 [控制] 清理旧进程：无旧进程
2026-04-26 17:25:15 [控制] 房源抓取任务启动
2026-04-26 17:25:17 [控制] 执行 阶段 1 抓取（总控重试 1/2）：第 1/1 次
2026-04-26 17:25:17 [阶段 1] ============================================================
2026-04-26 17:25:17 [阶段 1] 开始房源抓取（页面内执行同源 JS 逻辑）
2026-04-26 17:25:17 [阶段 1] 目标 URL: https://house.link.lianjia.com/search/sale/default/gdiv_mt
2026-04-26 17:25:17 [阶段 1] 价格要求：700-10000 万
2026-04-26 17:25:17 [阶段 1] 筛选规则：房源分 >= 6.0 或最近 3 天/小时内
2026-04-26 17:25:17 [阶段 1] 抓取区顺序：浦东、长宁、静安、黄浦、徐汇、普陀、闵行、虹口、杨浦、嘉定
2026-04-26 17:25:17 [阶段 1] 超时保护：整体90分钟，单区15分钟
2026-04-26 17:25:19 [阶段 1] 未检测到调试 Chrome，准备自动启动专用调试窗口
2026-04-26 17:25:23 [阶段 1] 调试启动输出：Starting Chrome with debugger...
Waiting for Chrome debugger port...
DEBUG_PORT_READY:9222
Chrome started successfully on port 9222
2026-04-26 17:25:23 [阶段 1] OK: 调试 Chrome 已启动，复用工作区 ChromeDebugProfile
2026-04-26 17:25:23 [阶段 1] 提示：浏览器窗口已打开，请勿手动关闭
2026-04-26 17:25:24 [阶段 1] 连接 Chrome...
2026-04-26 17:25:24 [阶段 1] 尝试连接 Chrome 调试端口 (尝试 1/3)...
2026-04-26 17:25:28 [阶段 1] Chrome 连接成功
2026-04-26 17:25:28 [阶段 1] OK: Chrome 连接成功
2026-04-26 17:25:28 [阶段 1] 初始化页面（仅加载一次）...
2026-04-26 17:25:28 [阶段 1] 打开页面：https://house.link.lianjia.com/search/sale/default/gdiv_mt
2026-04-26 17:25:30 [阶段 1] 检测到登录页，等待你在专用调试窗口完成扫码登录...
2026-04-26 17:38:20 [控制] 检查并清理旧进程...
2026-04-26 17:38:20 [控制] 清理旧进程：无旧进程
2026-04-26 17:38:20 [控制] 清理旧锁文件
2026-04-26 17:38:22 [控制] 房源抓取任务启动
2026-04-26 17:38:23 [控制] 检查并清理旧进程...
2026-04-26 17:38:23 [控制] 执行 阶段 1 抓取（总控重试 1/2）：第 1/1 次
2026-04-26 17:38:24 [控制] 清理旧进程：无旧进程
2026-04-26 17:38:24 [控制] 清理旧锁文件
2026-04-26 17:38:24 [阶段 1] ============================================================
2026-04-26 17:38:24 [阶段 1] 开始房源抓取（页面内执行同源 JS 逻辑）
2026-04-26 17:38:24 [阶段 1] 目标 URL: https://house.link.lianjia.com/search/sale/default/gdiv_mt
2026-04-26 17:38:24 [阶段 1] 价格要求：700-10000 万
2026-04-26 17:38:24 [阶段 1] 筛选规则：房源分 >= 6.0 或最近 3 天/小时内
2026-04-26 17:38:24 [阶段 1] 抓取区顺序：浦东、长宁、静安、黄浦、徐汇、普陀、闵行、虹口、杨浦、嘉定
2026-04-26 17:38:24 [阶段 1] 超时保护：整体90分钟，单区15分钟
2026-04-26 17:38:24 [阶段 1] 连接 Chrome...
2026-04-26 17:38:24 [阶段 1] 尝试连接 Chrome 调试端口 (尝试 1/3)...
2026-04-26 17:38:25 [阶段 1] Chrome 连接成功
2026-04-26 17:38:25 [阶段 1] OK: Chrome 连接成功
2026-04-26 17:38:25 [阶段 1] 初始化页面（仅加载一次）...
2026-04-26 17:38:25 [阶段 1] 打开页面：https://house.link.lianjia.com/search/sale/default/gdiv_mt
2026-04-26 17:38:26 [控制] 房源抓取任务启动
2026-04-26 17:38:27 [控制] 检查并清理旧进程...
2026-04-26 17:38:27 [控制] 执行 阶段 1 抓取（总控重试 1/2）：第 1/1 次
2026-04-26 17:38:28 [控制] 清理旧进程：无旧进程
2026-04-26 17:38:28 [控制] 清理旧锁文件
2026-04-26 17:38:28 [阶段 1] ============================================================
2026-04-26 17:38:28 [阶段 1] 开始房源抓取（页面内执行同源 JS 逻辑）
2026-04-26 17:38:28 [阶段 1] 目标 URL: https://house.link.lianjia.com/search/sale/default/gdiv_mt
2026-04-26 17:38:28 [阶段 1] 价格要求：700-10000 万
2026-04-26 17:38:28 [阶段 1] 筛选规则：房源分 >= 6.0 或最近 3 天/小时内
2026-04-26 17:38:28 [阶段 1] 抓取区顺序：浦东、长宁、静安、黄浦、徐汇、普陀、闵行、虹口、杨浦、嘉定
2026-04-26 17:38:28 [阶段 1] 超时保护：整体90分钟，单区15分钟
2026-04-26 17:38:28 [阶段 1] 连接 Chrome...
2026-04-26 17:38:28 [阶段 1] 尝试连接 Chrome 调试端口 (尝试 1/3)...
2026-04-26 17:38:28 [阶段 1] 页面就绪，开始逐区抓取
2026-04-26 17:38:28 [阶段 1] 重新加载页面，准备抓取浦东区 (1/10)
2026-04-26 17:38:29 [阶段 1] Chrome 连接成功
2026-04-26 17:38:29 [阶段 1] OK: Chrome 连接成功
2026-04-26 17:38:29 [阶段 1] 初始化页面（仅加载一次）...
2026-04-26 17:38:29 [阶段 1] 打开页面：https://house.link.lianjia.com/search/sale/default/gdiv_mt
2026-04-26 17:38:30 [控制] 房源抓取任务启动
2026-04-26 17:38:30 [阶段 1] 页面就绪，开始逐区抓取
2026-04-26 17:38:30 [阶段 1] 重新加载页面，准备抓取浦东区 (1/10)
2026-04-26 17:38:31 [控制] 执行 阶段 1 抓取（总控重试 1/2）：第 1/1 次
2026-04-26 17:38:31 [控制] 检查并清理旧进程...
2026-04-26 17:38:32 [控制] 清理旧进程：无旧进程
2026-04-26 17:38:32 [控制] 清理旧锁文件
2026-04-26 17:38:33 [阶段 1] ============================================================
2026-04-26 17:38:33 [阶段 1] 开始房源抓取（页面内执行同源 JS 逻辑）
2026-04-26 17:38:33 [阶段 1] 目标 URL: https://house.link.lianjia.com/search/sale/default/gdiv_mt
2026-04-26 17:38:33 [阶段 1] 价格要求：700-10000 万
2026-04-26 17:38:33 [阶段 1] 筛选规则：房源分 >= 6.0 或最近 3 天/小时内
2026-04-26 17:38:33 [阶段 1] 抓取区顺序：浦东、长宁、静安、黄浦、徐汇、普陀、闵行、虹口、杨浦、嘉定
2026-04-26 17:38:33 [阶段 1] 超时保护：整体90分钟，单区15分钟
2026-04-26 17:38:33 [阶段 1] 连接 Chrome...
2026-04-26 17:38:33 [阶段 1] 尝试连接 Chrome 调试端口 (尝试 1/3)...
2026-04-26 17:38:33 [阶段 1] JavaScript 收集器已重置
2026-04-26 17:38:33 [阶段 1] 开始处理 浦东 区 (1/10)
2026-04-26 17:38:33 [阶段 1] 浦东 区进度：stage=prepare_filters, page=0, collected=0, status=running
2026-04-26 17:38:33 [阶段 1] Chrome 连接成功
2026-04-26 17:38:33 [阶段 1] OK: Chrome 连接成功
2026-04-26 17:38:33 [阶段 1] 初始化页面（仅加载一次）...
2026-04-26 17:38:33 [阶段 1] 打开页面：https://house.link.lianjia.com/search/sale/default/gdiv_mt
2026-04-26 17:38:34 [控制] 房源抓取任务启动
2026-04-26 17:38:35 [阶段 1] 页面就绪，开始逐区抓取
2026-04-26 17:38:35 [阶段 1] 重新加载页面，准备抓取浦东区 (1/10)
2026-04-26 17:38:35 [控制] 检查并清理旧进程...
2026-04-26 17:38:36 [控制] 执行 阶段 1 抓取（总控重试 1/2）：第 1/1 次
2026-04-26 17:38:37 [阶段 1] JavaScript 收集器已重置
2026-04-26 17:38:37 [阶段 1] 开始处理 浦东 区 (1/10)
2026-04-26 17:38:37 [阶段 1] 浦东 区进度：stage=prepare_filters, page=0, collected=0, status=running
2026-04-26 17:38:37 [控制] 清理旧进程：无旧进程
2026-04-26 17:38:37 [控制] 清理旧锁文件
2026-04-26 17:38:37 [阶段 1] ============================================================
2026-04-26 17:38:37 [阶段 1] 开始房源抓取（页面内执行同源 JS 逻辑）
2026-04-26 17:38:37 [阶段 1] 目标 URL: https://house.link.lianjia.com/search/sale/default/gdiv_mt
2026-04-26 17:38:37 [阶段 1] 价格要求：700-10000 万
2026-04-26 17:38:37 [阶段 1] 筛选规则：房源分 >= 6.0 或最近 3 天/小时内
2026-04-26 17:38:37 [阶段 1] 抓取区顺序：浦东、长宁、静安、黄浦、徐汇、普陀、闵行、虹口、杨浦、嘉定
2026-04-26 17:38:37 [阶段 1] 超时保护：整体90分钟，单区15分钟
2026-04-26 17:38:37 [阶段 1] 连接 Chrome...
2026-04-26 17:38:37 [阶段 1] 尝试连接 Chrome 调试端口 (尝试 1/3)...
2026-04-26 17:38:38 [阶段 1] Chrome 连接成功
2026-04-26 17:38:38 [阶段 1] OK: Chrome 连接成功
2026-04-26 17:38:38 [阶段 1] 初始化页面（仅加载一次）...
2026-04-26 17:38:38 [阶段 1] 打开页面：https://house.link.lianjia.com/search/sale/default/gdiv_mt
2026-04-26 17:38:39 [控制] 房源抓取任务启动
2026-04-26 17:38:39 [控制] 检查并清理旧进程...
2026-04-26 17:38:40 [阶段 1] 页面就绪，开始逐区抓取
2026-04-26 17:38:40 [阶段 1] 重新加载页面，准备抓取浦东区 (1/10)
2026-04-26 17:38:40 [控制] 清理旧进程：无旧进程
2026-04-26 17:38:40 [控制] 执行 阶段 1 抓取（总控重试 1/2）：第 1/1 次
2026-04-26 17:38:41 [阶段 1] ============================================================
2026-04-26 17:38:41 [阶段 1] 开始房源抓取（页面内执行同源 JS 逻辑）
2026-04-26 17:38:41 [阶段 1] 目标 URL: https://house.link.lianjia.com/search/sale/default/gdiv_mt
2026-04-26 17:38:41 [阶段 1] 价格要求：700-10000 万
2026-04-26 17:38:41 [阶段 1] 筛选规则：房源分 >= 6.0 或最近 3 天/小时内
2026-04-26 17:38:41 [阶段 1] 抓取区顺序：浦东、长宁、静安、黄浦、徐汇、普陀、闵行、虹口、杨浦、嘉定
2026-04-26 17:38:41 [阶段 1] 超时保护：整体90分钟，单区15分钟
2026-04-26 17:38:41 [阶段 1] 连接 Chrome...
2026-04-26 17:38:41 [阶段 1] 尝试连接 Chrome 调试端口 (尝试 1/3)...
2026-04-26 17:38:42 [阶段 1] JavaScript 收集器已重置
2026-04-26 17:38:42 [阶段 1] 开始处理 浦东 区 (1/10)
2026-04-26 17:38:42 [阶段 1] 浦东 区进度：stage=prepare_filters, page=0, collected=0, status=running
2026-04-26 17:38:42 [控制] 房源抓取任务启动
2026-04-26 17:38:42 [阶段 1] Chrome 连接成功
2026-04-26 17:38:42 [阶段 1] OK: Chrome 连接成功
2026-04-26 17:38:42 [阶段 1] 初始化页面（仅加载一次）...
2026-04-26 17:38:42 [阶段 1] 打开页面：https://house.link.lianjia.com/search/sale/default/gdiv_mt
2026-04-26 17:38:42 [控制] 检查并清理旧进程...
2026-04-26 17:38:43 [控制] 清理旧进程：无旧进程
2026-04-26 17:38:43 [控制] 清理旧锁文件
2026-04-26 17:38:43 [控制] 执行 阶段 1 抓取（总控重试 1/2）：第 1/1 次
2026-04-26 17:38:44 [阶段 1] 浦东 区进度：stage=sorting, page=0, collected=0, status=running
2026-04-26 17:38:44 [阶段 1] 页面就绪，开始逐区抓取
2026-04-26 17:38:44 [阶段 1] 重新加载页面，准备抓取浦东区 (1/10)
2026-04-26 17:38:45 [阶段 1] ============================================================
2026-04-26 17:38:45 [阶段 1] 开始房源抓取（页面内执行同源 JS 逻辑）
2026-04-26 17:38:45 [阶段 1] 目标 URL: https://house.link.lianjia.com/search/sale/default/gdiv_mt
2026-04-26 17:38:45 [阶段 1] 价格要求：700-10000 万
2026-04-26 17:38:45 [阶段 1] 筛选规则：房源分 >= 6.0 或最近 3 天/小时内
2026-04-26 17:38:45 [阶段 1] 抓取区顺序：浦东、长宁、静安、黄浦、徐汇、普陀、闵行、虹口、杨浦、嘉定
2026-04-26 17:38:45 [阶段 1] 超时保护：整体90分钟，单区15分钟
2026-04-26 17:38:45 [阶段 1] 连接 Chrome...
2026-04-26 17:38:45 [阶段 1] 尝试连接 Chrome 调试端口 (尝试 1/3)...
2026-04-26 17:38:45 [控制] 房源抓取任务启动
2026-04-26 17:38:45 [阶段 1] JavaScript 收集器已重置
2026-04-26 17:38:45 [阶段 1] 开始处理 浦东 区 (1/10)
2026-04-26 17:38:45 [阶段 1] 浦东 区进度：stage=prepare_filters, page=0, collected=0, status=running
2026-04-26 17:38:46 [阶段 1] Chrome 连接成功
2026-04-26 17:38:46 [阶段 1] OK: Chrome 连接成功
2026-04-26 17:38:46 [阶段 1] 初始化页面（仅加载一次）...
2026-04-26 17:38:46 [阶段 1] 打开页面：https://house.link.lianjia.com/search/sale/default/gdiv_mt
2026-04-26 17:38:47 [控制] 执行 阶段 1 抓取（总控重试 1/2）：第 1/1 次
2026-04-26 17:38:47 [阶段 1] WARNING: 浦东 区出错：district_state_missing: 浦东 (耗时 0.2分钟)
2026-04-26 17:38:47 [阶段 1] 重试 浦东 区 (1/2)...
2026-04-26 17:38:47 [阶段 1] WARNING: 浦东 区出错：district_state_missing: 浦东 (耗时 0.3分钟)
2026-04-26 17:38:47 [阶段 1] 重试 浦东 区 (1/2)...
2026-04-26 17:38:47 [控制] 检查并清理旧进程...
2026-04-26 17:38:48 [阶段 1] 页面就绪，开始逐区抓取
2026-04-26 17:38:48 [阶段 1] 重新加载页面，准备抓取浦东区 (1/10)
2026-04-26 17:38:48 [控制] 清理旧进程：无旧进程
2026-04-26 17:38:48 [控制] 清理旧锁文件
2026-04-26 17:38:49 [阶段 1] ============================================================
2026-04-26 17:38:49 [阶段 1] 开始房源抓取（页面内执行同源 JS 逻辑）
2026-04-26 17:38:49 [阶段 1] 目标 URL: https://house.link.lianjia.com/search/sale/default/gdiv_mt
2026-04-26 17:38:49 [阶段 1] 价格要求：700-10000 万
2026-04-26 17:38:49 [阶段 1] 筛选规则：房源分 >= 6.0 或最近 3 天/小时内
2026-04-26 17:38:49 [阶段 1] 抓取区顺序：浦东、长宁、静安、黄浦、徐汇、普陀、闵行、虹口、杨浦、嘉定
2026-04-26 17:38:49 [阶段 1] 超时保护：整体90分钟，单区15分钟
2026-04-26 17:38:49 [阶段 1] 连接 Chrome...
2026-04-26 17:38:49 [阶段 1] 尝试连接 Chrome 调试端口 (尝试 1/3)...
2026-04-26 17:38:49 [阶段 1] 浦东 区进度：stage=next_page, page=1, collected=30, status=running
2026-04-26 17:38:49 [阶段 1] JavaScript 收集器已重置
2026-04-26 17:38:49 [阶段 1] 开始处理 浦东 区 (1/10)
2026-04-26 17:38:49 [阶段 1] 浦东 区进度：stage=prepare_filters, page=0, collected=0, status=running
2026-04-26 17:38:50 [阶段 1] Chrome 连接成功
2026-04-26 17:38:50 [阶段 1] OK: Chrome 连接成功
2026-04-26 17:38:50 [阶段 1] 初始化页面（仅加载一次）...
2026-04-26 17:38:50 [阶段 1] 打开页面：https://house.link.lianjia.com/search/sale/default/gdiv_mt
2026-04-26 17:38:50 [控制] 房源抓取任务启动
2026-04-26 17:38:51 [阶段 1] WARNING: 浦东 区出错：district_state_missing: 浦东 (耗时 0.2分钟)
2026-04-26 17:38:51 [阶段 1] 重试 浦东 区 (1/2)...
2026-04-26 17:38:51 [阶段 1] 页面就绪，开始逐区抓取
2026-04-26 17:38:51 [阶段 1] 重新加载页面，准备抓取浦东区 (1/10)
2026-04-26 17:38:52 [控制] 执行 阶段 1 抓取（总控重试 1/2）：第 1/1 次
2026-04-26 17:38:53 [阶段 1] JavaScript 收集器已重置
2026-04-26 17:38:53 [阶段 1] 开始处理 浦东 区 (1/10)
2026-04-26 17:38:53 [阶段 1] 浦东 区进度：stage=prepare_filters, page=0, collected=0, status=running
2026-04-26 17:38:53 [阶段 1] ============================================================
2026-04-26 17:38:53 [阶段 1] 开始房源抓取（页面内执行同源 JS 逻辑）
2026-04-26 17:38:53 [阶段 1] 目标 URL: https://house.link.lianjia.com/search/sale/default/gdiv_mt
2026-04-26 17:38:53 [阶段 1] 价格要求：700-10000 万
2026-04-26 17:38:53 [阶段 1] 筛选规则：房源分 >= 6.0 或最近 3 天/小时内
2026-04-26 17:38:53 [阶段 1] 抓取区顺序：浦东、长宁、静安、黄浦、徐汇、普陀、闵行、虹口、杨浦、嘉定
2026-04-26 17:38:53 [阶段 1] 超时保护：整体90分钟，单区15分钟
2026-04-26 17:38:53 [阶段 1] 连接 Chrome...
2026-04-26 17:38:53 [阶段 1] 尝试连接 Chrome 调试端口 (尝试 1/3)...
2026-04-26 17:38:54 [阶段 1] Chrome 连接成功
2026-04-26 17:38:54 [阶段 1] OK: Chrome 连接成功
2026-04-26 17:38:54 [阶段 1] 初始化页面（仅加载一次）...
2026-04-26 17:38:54 [阶段 1] 打开页面：https://house.link.lianjia.com/search/sale/default/gdiv_mt
2026-04-26 17:38:56 [阶段 1] JavaScript 收集器已重置
2026-04-26 17:38:56 [阶段 1] 开始处理 浦东 区 (1/10)
2026-04-26 17:38:56 [阶段 1] 浦东 区进度：stage=prepare_filters, page=0, collected=0, status=running
2026-04-26 17:38:56 [阶段 1] WARNING: 浦东 区出错：district_state_missing: 浦东 (耗时 0.5分钟)
2026-04-26 17:38:56 [阶段 1] 重试 浦东 区 (1/2)...
2026-04-26 17:38:56 [阶段 1] 页面就绪，开始逐区抓取
2026-04-26 17:38:56 [阶段 1] 重新加载页面，准备抓取浦东区 (1/10)
2026-04-26 17:38:58 [阶段 1] WARNING: 浦东 区出错：district_state_missing: 浦东 (耗时 0.2分钟)
2026-04-26 17:38:58 [阶段 1] 重试 浦东 区 (1/2)...
2026-04-26 17:38:59 [阶段 1] WARNING: 浦东 区出错：district_state_missing: 浦东 (耗时 0.3分钟)
2026-04-26 17:38:59 [阶段 1] 重试 浦东 区 (1/2)...
2026-04-26 17:39:01 [阶段 1] JavaScript 收集器已重置
2026-04-26 17:39:01 [阶段 1] 开始处理 浦东 区 (1/10)
2026-04-26 17:39:01 [阶段 1] 浦东 区进度：stage=prepare_filters, page=0, collected=0, status=running
2026-04-26 17:39:01 [阶段 1] WARNING: 浦东 区出错：district_state_missing: 浦东 (耗时 0.2分钟)
2026-04-26 17:39:01 [阶段 1] 重试 浦东 区 (1/2)...
2026-04-26 17:39:03 [阶段 1] JavaScript 收集器已重置
2026-04-26 17:39:03 [阶段 1] JavaScript 收集器已重置
2026-04-26 17:39:03 [阶段 1] 重试失败，10 秒后再次重试
2026-04-26 17:39:03 [阶段 1] 重试 浦东 区 (2/2)...
2026-04-26 17:39:03 [阶段 1] 浦东 区进度：stage=prepare_filters, page=0, collected=0, status=running
2026-04-26 17:39:06 [阶段 1] JavaScript 收集器已重置
2026-04-26 17:39:06 [阶段 1] 浦东 区进度：stage=prepare_filters, page=0, collected=0, status=running
2026-04-26 17:39:11 [阶段 1] WARNING: 浦东 区出错：district_state_missing: 浦东 (耗时 0.2分钟)
2026-04-26 17:39:11 [阶段 1] 重试 浦东 区 (1/2)...
2026-04-26 17:39:12 [阶段 1] JavaScript 收集器已重置
2026-04-26 17:39:12 [阶段 1] 浦东 区进度：stage=prepare_filters, page=0, collected=0, status=running
2026-04-26 17:39:12 [阶段 1] 重试失败，10 秒后再次重试
2026-04-26 17:39:12 [阶段 1] 重试 浦东 区 (2/2)...
2026-04-26 17:39:14 [阶段 1] JavaScript 收集器已重置
��试
2026-04-26 17:39:14 [阶段 1] 重试 浦东 区 (2/2)...
2026-04-26 17:39:14 [阶段 1] 重试失败，10 秒后再次重试
2026-04-26 17:39:14 [阶段 1] 重试 浦东 区 (2/2)...
2026-04-26 17:39:15 [阶段 1] JavaScript 收集器已重置
2026-04-26 17:39:15 [阶段 1] 浦东 区进度：stage=prepare_filters, page=0, collected=0, status=running
2026-04-26 17:39:15 [阶段 1] JavaScript 收集器已重置
2026-04-26 17:39:16 [阶段 1] 浦东 区进度：stage=prepare_filters, page=0, collected=0, status=running
2026-04-26 17:39:18 [阶段 1] JavaScript 收集器已重置
2026-04-26 17:39:18 [阶段 1] 浦东 区进度：stage=prepare_filters, page=0, collected=0, status=running
2026-04-26 17:39:22 [阶段 1] 重试失败，10 秒后再次重试
2026-04-26 17:39:22 [阶段 1] 重试 浦东 区 (2/2)...
2026-04-26 17:39:24 [阶段 1] ERROR: 浦东 区重试2次后仍失败，终止抓取
2026-04-26 17:39:24 [阶段 1] ERROR: 抓取失败：浦东 区重试2次后仍失败：district_state_missing: 浦东
2026-04-26 17:39:24 [阶段 1] Traceback (most recent call last):
  File "C:\Users\Huawei\.openclaw\workspace\tools\stage1_grab.py", line 1178, in main
    result = collect_district_browser_side(driver, district)
             ^^^^^^^^^^^^^^^^^^^^^^^^^^^^^^^^^^^^^^^^^^^^^^^
  File "C:\Users\Huawei\.openclaw\workspace\tools\stage1_grab.py", line 954, in collect_district_browser_side
    raise RuntimeError(f"district_state_missing: {district['name']}")
RuntimeError: district_state_missing: 浦东

During handling of the above exception, another exception occurred:

Traceback (most recent call last):
  File "C:\Users\Huawei\.openclaw\workspace\tools\stage1_grab.py", line 1232, in main
    result = collect_district_browser_side(driver, district)
             ^^^^^^^^^^^^^^^^^^^^^^^^^^^^^^^^^^^^^^^^^^^^^^^
  File "C:\Users\Huawei\.openclaw\workspace\tools\stage1_grab.py", line 954, in collect_district_browser_side
    raise RuntimeError(f"district_state_missing: {district['name']}")
RuntimeError: district_state_missing: 浦东

During handling of the above exception, another exception occurred:

Traceback (most recent call last):
  File "C:\Users\Huawei\.openclaw\workspace\tools\stage1_grab.py", line 1261, in main
    raise RuntimeError(f"{district['name']} 区重试{max_retry}次后仍失败：{retry_exc}")
RuntimeError: 浦东 区重试2次后仍失败：district_state_missing: 浦东

2026-04-26 17:39:25 [阶段 1] JavaScript 收集器已重置
2026-04-26 17:39:26 [阶段 1] 浦东 区进度：stage=prepare_filters, page=0, collected=0, status=running
2026-04-26 17:39:26 [阶段 1] 重试失败，10 秒后再次重试
2026-04-26 17:39:26 [阶段 1] 重试 浦东 区 (2/2)...
2026-04-26 17:39:26 [阶段 1] 重试失败，10 秒后再次重试
2026-04-26 17:39:26 [阶段 1] 重试 浦东 区 (2/2)...
2026-04-26 17:39:27 [阶段 1] JavaScript 收集器已重置
2026-04-26 17:39:27 [阶段 1] 浦东 区进度：stage=prepare_filters, page=0, collected=0, status=running
2026-04-26 17:39:30 [阶段 1] JavaScript 收集器已重置
2026-04-26 17:39:30 [阶段 1] JavaScript 收集器已重置
2026-04-26 17:39:30 [阶段 1] ERROR: 浦东 区重试2次后仍失败，终止抓取
2026-04-26 17:39:30 [阶段 1] ERROR: 抓取失败：浦东 区重试2次后仍失败：Message: javascript error: district_run_already_running:浦东
  (Session info: chrome=147.0.7727.103)
Stacktrace:
	chromedriver!GetHandleVerifier [0x7ff6d837a8e5+14e45]
	chromedriver!GetHandleVerifier [0x7ff6d837a950+14eb0]
	chromedriver!(No symbol) [0x7ff6d80ed6ed]
	chromedriver!(No symbol) [0x7ff6d80f5671]
	chromedriver!(No symbol) [0x7ff6d80f8b2f]
	chromedriver!(No symbol) [0x7ff6d8195c1d]
	chromedriver!(No symbol) [0x7ff6d817002a]
	chromedriver!(No symbol) [0x7ff6d819483b]
	chromedriver!(No symbol) [0x7ff6d81390e8]
	chromedriver!(No symbol) [0x7ff6d8139fc3]
	chromedriver!GetHandleVerifier [0x7ff6d8690149+32a6a9]
	chromedriver!GetHandleVerifier [0x7ff6d868a715+324c75]
	chromedriver!GetHandleVerifier [0x7ff6d86ac012+346572]
	chromedriver!GetHandleVerifier [0x7ff6d8397cb5+32215]
	chromedriver!GetHandleVerifier [0x7ff6d83a087c+3addc]
	chromedriver!GetHandleVerifier [0x7ff6d83840e4+1e644]
	chromedriver!GetHandleVerifier [0x7ff6d8384296+1e7f6]
	chromedriver!GetHandleVerifier [0x7ff6d8368737+2c97]
	KERNEL32!BaseThreadInitThunk [0x7ffd12dde8d7+17]
	ntdll!RtlUserThreadStart [0x7ffd1460c3fc+2c]

2026-04-26 17:39:30 [阶段 1] 浦东 区进度：stage=prepare_filters, page=0, collected=0, status=running
2026-04-26 17:39:30 [阶段 1] Traceback (most recent call last):
  File "C:\Users\Huawei\.openclaw\workspace\tools\stage1_grab.py", line 1178, in main
    result = collect_district_browser_side(driver, district)
             ^^^^^^^^^^^^^^^^^^^^^^^^^^^^^^^^^^^^^^^^^^^^^^^
  File "C:\Users\Huawei\.openclaw\workspace\tools\stage1_grab.py", line 954, in collect_district_browser_side
    raise RuntimeError(f"district_state_missing: {district['name']}")
RuntimeError: district_state_missing: 浦东

During handling of the above exception, another exception occurred:

Traceback (most recent call last):
  File "C:\Users\Huawei\.openclaw\workspace\tools\stage1_grab.py", line 1232, in main
    result = collect_district_browser_side(driver, district)
             ^^^^^^^^^^^^^^^^^^^^^^^^^^^^^^^^^^^^^^^^^^^^^^^
  File "C:\Users\Huawei\.openclaw\workspace\tools\stage1_grab.py", line 924, in collect_district_browser_side
    start_state = driver.execute_script(
                  ^^^^^^^^^^^^^^^^^^^^^^
  File "C:\Users\Huawei\AppData\Local\Programs\Python\Python311\Lib\site-packages\selenium\webdriver\remote\webdriver.py", line 532, in execute_script
    return self.execute(command, {"script": script, "args": converted_args})["value"]
           ^^^^^^^^^^^^^^^^^^^^^^^^^^^^^^^^^^^^^^^^^^^^^^^^^^^^^^^^^^^^^^^^^
  File "C:\Users\Huawei\AppData\Local\Programs\Python\Python311\Lib\site-packages\selenium\webdriver\remote\webdriver.py", line 446, in execute
    self.error_handler.check_response(response)
  File "C:\Users\Huawei\AppData\Local\Programs\Python\Python311\Lib\site-packages\selenium\webdriver\remote\errorhandler.py", line 232, in check_response
    raise exception_class(message, screen, stacktrace)
selenium.common.exceptions.JavascriptException: Message: javascript error: district_run_already_running:浦东
  (Session info: chrome=147.0.7727.103)
Stacktrace:
	chromedriver!GetHandleVerifier [0x7ff6d837a8e5+14e45]
	chromedriver!GetHandleVerifier [0x7ff6d837a950+14eb0]
	chromedriver!(No symbol) [0x7ff6d80ed6ed]
	chromedriver!(No symbol) [0x7ff6d80f5671]
	chromedriver!(No symbol) [0x7ff6d80f8b2f]
	chromedriver!(No symbol) [0x7ff6d8195c1d]
	chromedriver!(No symbol) [0x7ff6d817002a]
	chromedriver!(No symbol) [0x7ff6d819483b]
	chromedriver!(No symbol) [0x7ff6d81390e8]
	chromedriver!(No symbol) [0x7ff6d8139fc3]
	chromedriver!GetHandleVerifier [0x7ff6d8690149+32a6a9]
	chromedriver!GetHandleVerifier [0x7ff6d868a715+324c75]
	chromedriver!GetHandleVerifier [0x7ff6d86ac012+346572]
	chromedriver!GetHandleVerifier [0x7ff6d8397cb5+32215]
	chromedriver!GetHandleVerifier [0x7ff6d83a087c+3addc]
	chromedriver!GetHandleVerifier [0x7ff6d83840e4+1e644]
	chromedriver!GetHandleVerifier [0x7ff6d8384296+1e7f6]
	chromedriver!GetHandleVerifier [0x7ff6d8368737+2c97]
	KERNEL32!BaseThreadInitThunk [0x7ffd12dde8d7+17]
	ntdll!RtlUserThreadStart [0x7ffd1460c3fc+2c]


During handling of the above exception, another exception occurred:

Traceback (most recent call last):
  File "C:\Users\Huawei\.openclaw\workspace\tools\stage1_grab.py", line 1261, in main
    raise RuntimeError(f"{district['name']} 区重试{max_retry}次后仍失败：{retry_exc}")
RuntimeError: 浦东 区重试2次后仍失败：Message: javascript error: district_run_already_running:浦东
  (Session info: chrome=147.0.7727.103)
Stacktrace:
	chromedriver!GetHandleVerifier [0x7ff6d837a8e5+14e45]
	chromedriver!GetHandleVerifier [0x7ff6d837a950+14eb0]
	chromedriver!(No symbol) [0x7ff6d80ed6ed]
	chromedriver!(No symbol) [0x7ff6d80f5671]
	chromedriver!(No symbol) [0x7ff6d80f8b2f]
	chromedriver!(No symbol) [0x7ff6d8195c1d]
	chromedriver!(No symbol) [0x7ff6d817002a]
	chromedriver!(No symbol) [0x7ff6d819483b]
	chromedriver!(No symbol) [0x7ff6d81390e8]
	chromedriver!(No symbol) [0x7ff6d8139fc3]
	chromedriver!GetHandleVerifier [0x7ff6d8690149+32a6a9]
	chromedriver!GetHandleVerifier [0x7ff6d868a715+324c75]
	chromedriver!GetHandleVerifier [0x7ff6d86ac012+346572]
	chromedriver!GetHandleVerifier [0x7ff6d8397cb5+32215]
	chromedriver!GetHandleVerifier [0x7ff6d83a087c+3addc]
	chromedriver!GetHandleVerifier [0x7ff6d83840e4+1e644]
	chromedriver!GetHandleVerifier [0x7ff6d8384296+1e7f6]
	chromedriver!GetHandleVerifier [0x7ff6d8368737+2c97]
	KERNEL32!BaseThreadInitThunk [0x7ffd12dde8d7+17]
	ntdll!RtlUserThreadStart [0x7ffd1460c3fc+2c]


2026-04-26 17:39:35 [阶段 1] 浦东 区进度：stage=sorting, page=0, collected=0, status=running
2026-04-26 17:39:36 [阶段 1] 重试失败，10 秒后再次重试
2026-04-26 17:39:36 [阶段 1] 重试 浦东 区 (2/2)...
2026-04-26 17:39:37 [阶段 1] ERROR: 浦东 区重试2次后仍失败，终止抓取
2026-04-26 17:39:37 [阶段 1] ERROR: 抓取失败：浦东 区重试2次后仍失败：district_state_missing: 浦东
2026-04-26 17:39:37 [阶段 1] Traceback (most recent call last):
  File "C:\Users\Huawei\.openclaw\workspace\tools\stage1_grab.py", line 1178, in main
    result = collect_district_browser_side(driver, district)
             ^^^^^^^^^^^^^^^^^^^^^^^^^^^^^^^^^^^^^^^^^^^^^^^
  File "C:\Users\Huawei\.openclaw\workspace\tools\stage1_grab.py", line 954, in collect_district_browser_side
    raise RuntimeError(f"district_state_missing: {district['name']}")
RuntimeError: district_state_missing: 浦东

During handling of the above exception, another exception occurred:

Traceback (most recent call last):
  File "C:\Users\Huawei\.openclaw\workspace\tools\stage1_grab.py", line 1232, in main
    result = collect_district_browser_side(driver, district)
             ^^^^^^^^^^^^^^^^^^^^^^^^^^^^^^^^^^^^^^^^^^^^^^^
  File "C:\Users\Huawei\.openclaw\workspace\tools\stage1_grab.py", line 954, in collect_district_browser_side
    raise RuntimeError(f"district_state_missing: {district['name']}")
RuntimeError: district_state_missing: 浦东

During handling of the above exception, another exception occurred:

Traceback (most recent call last):
  File "C:\Users\Huawei\.openclaw\workspace\tools\stage1_grab.py", line 1261, in main
    raise RuntimeError(f"{district['name']} 区重试{max_retry}次后仍失败：{retry_exc}")
RuntimeError: 浦东 区重试2次后仍失败：district_state_missing: 浦东

2026-04-26 17:39:38 [阶段 1] JavaScript 收集器已重置
2026-04-26 17:39:38 [阶段 1] 浦东 区进度：stage=prepare_filters, page=0, collected=0, status=running
2026-04-26 17:39:40 [阶段 1] ERROR: 浦东 区重试2次后仍失败，终止抓取
2026-04-26 17:39:40 [阶段 1] ERROR: 抓取失败：浦东 区重试2次后仍失败：district_state_missing: 浦东
2026-04-26 17:39:40 [阶段 1] Traceback (most recent call last):
  File "C:\Users\Huawei\.openclaw\workspace\tools\stage1_grab.py", line 1178, in main
    result = collect_district_browser_side(driver, district)
             ^^^^^^^^^^^^^^^^^^^^^^^^^^^^^^^^^^^^^^^^^^^^^^^
  File "C:\Users\Huawei\.openclaw\workspace\tools\stage1_grab.py", line 954, in collect_district_browser_side
    raise RuntimeError(f"district_state_missing: {district['name']}")
RuntimeError: district_state_missing: 浦东

During handling of the above exception, another exception occurred:

Traceback (most recent call last):
  File "C:\Users\Huawei\.openclaw\workspace\tools\stage1_grab.py", line 1232, in main
    result = collect_district_browser_side(driver, district)
             ^^^^^^^^^^^^^^^^^^^^^^^^^^^^^^^^^^^^^^^^^^^^^^^
  File "C:\Users\Huawei\.openclaw\workspace\tools\stage1_grab.py", line 954, in collect_district_browser_side
    raise RuntimeError(f"district_state_missing: {district['name']}")
RuntimeError: district_state_missing: 浦东

During handling of the above exception, another exception occurred:

Traceback (most recent call last):
  File "C:\Users\Huawei\.openclaw\workspace\tools\stage1_grab.py", line 1261, in main
    raise RuntimeError(f"{district['name']} 区重试{max_retry}次后仍失败：{retry_exc}")
RuntimeError: 浦东 区重试2次后仍失败：district_state_missing: 浦东

2026-04-26 17:39:41 [阶段 1] JavaScript 收集器已重置
2026-04-26 17:39:41 [阶段 1] 浦东 区进度：stage=prepare_filters, page=0, collected=0, status=running
2026-04-26 17:39:48 [阶段 1] ERROR: 浦东 区重试2次后仍失败，终止抓取
2026-04-26 17:39:48 [阶段 1] ERROR: 抓取失败：浦东 区重试2次后仍失败：district_state_missing: 浦东
2026-04-26 17:39:48 [阶段 1] Traceback (most recent call last):
  File "C:\Users\Huawei\.openclaw\workspace\tools\stage1_grab.py", line 1178, in main
    result = collect_district_browser_side(driver, district)
             ^^^^^^^^^^^^^^^^^^^^^^^^^^^^^^^^^^^^^^^^^^^^^^^
  File "C:\Users\Huawei\.openclaw\workspace\tools\stage1_grab.py", line 954, in collect_district_browser_side
    raise RuntimeError(f"district_state_missing: {district['name']}")
RuntimeError: district_state_missing: 浦东

During handling of the above exception, another exception occurred:

Traceback (most recent call last):
  File "C:\Users\Huawei\.openclaw\workspace\tools\stage1_grab.py", line 1232, in main
    result = collect_district_browser_side(driver, district)
             ^^^^^^^^^^^^^^^^^^^^^^^^^^^^^^^^^^^^^^^^^^^^^^^
  File "C:\Users\Huawei\.openclaw\workspace\tools\stage1_grab.py", line 954, in collect_district_browser_side
    raise RuntimeError(f"district_state_missing: {district['name']}")
RuntimeError: district_state_missing: 浦东

During handling of the above exception, another exception occurred:

Traceback (most recent call last):
  File "C:\Users\Huawei\.openclaw\workspace\tools\stage1_grab.py", line 1261, in main
    raise RuntimeError(f"{district['name']} 区重试{max_retry}次后仍失败：{retry_exc}")
RuntimeError: 浦东 区重试2次后仍失败：district_state_missing: 浦东

2026-04-26 17:39:51 [阶段 1] 浦东 区进度：stage=sorting, page=0, collected=0, status=running
2026-04-26 17:39:51 [阶段 1] JavaScript 收集器已重置
2026-04-26 17:39:51 [阶段 1] 浦东 区进度：stage=prepare_filters, page=0, collected=0, status=running
2026-04-26 17:39:56 [阶段 1] 浦东 区进度：stage=next_page, page=2, collected=60, status=running
2026-04-26 17:40:01 [阶段 1] 浦东 区进度：stage=next_page, page=4, collected=120, status=running
2026-04-26 17:40:01 [阶段 1] 浦东 区进度：stage=sorting, page=0, collected=0, status=running
2026-04-26 17:40:06 [阶段 1] 浦东 区进度：stage=next_page, page=6, collected=178, status=running
2026-04-26 17:40:11 [阶段 1] 浦东 区进度：stage=next_page, page=8, collected=238, status=running
2026-04-26 17:40:11 [阶段 1] 浦东 区进度：stage=next_page, page=2, collected=60, status=running
2026-04-26 17:40:16 [阶段 1] 浦东 区进度：stage=next_page, page=10, collected=298, status=running
2026-04-26 17:40:16 [阶段 1] 浦东 区进度：stage=next_page, page=4, collected=120, status=running
2026-04-26 17:40:21 [阶段 1] 浦东 区进度：stage=next_page, page=12, collected=358, status=running
2026-04-26 17:40:21 [阶段 1] 浦东 区进度：stage=next_page, page=6, collected=178, status=running
2026-04-26 17:40:26 [阶段 1] 浦东 区进度：stage=next_page, page=14, collected=418, status=running
2026-04-26 17:40:26 [阶段 1] 浦东 区进度：stage=next_page, page=7, collected=208, status=running
2026-04-26 17:40:31 [阶段 1] 浦东 区进度：stage=next_page, page=16, collected=478, status=running
2026-04-26 17:40:31 [阶段 1] 浦东 区进度：stage=next_page, page=9, collected=268, status=running
2026-04-26 17:40:36 [阶段 1] 浦东 区进度：stage=next_page, page=18, collected=538, status=running
2026-04-26 17:40:36 [阶段 1] 浦东 区进度：stage=next_page, page=11, collected=328, status=running
2026-04-26 17:40:36 [阶段 1] ERROR: 抓取失败：Message: timeout: Timed out receiving message from renderer: -0.011
  (Session info: chrome=147.0.7727.103)
Stacktrace:
	chromedriver!GetHandleVerifier [0x7ff6d837a8e5+14e45]
	chromedriver!GetHandleVerifier [0x7ff6d837a950+14eb0]
	chromedriver!(No symbol) [0x7ff6d80ed6ed]
	chromedriver!(No symbol) [0x7ff6d80d9ec9]
	chromedriver!(No symbol) [0x7ff6d80d9bb1]
	chromedriver!(No symbol) [0x7ff6d80d77e1]
	chromedriver!(No symbol) [0x7ff6d80d811f]
	chromedriver!(No symbol) [0x7ff6d80e7aaa]
	chromedriver!(No symbol) [0x7ff6d80fe9b7]
	chromedriver!(No symbol) [0x7ff6d810610a]
	chromedriver!(No symbol) [0x7ff6d80d88e1]
	chromedriver!(No symbol) [0x7ff6d80fe6e5]
	chromedriver!(No symbol) [0x7ff6d8194703]
	chromedriver!(No symbol) [0x7ff6d81390e8]
	chromedriver!(No symbol) [0x7ff6d8139fc3]
	chromedriver!GetHandleVerifier [0x7ff6d8690149+32a6a9]
	chromedriver!GetHandleVerifier [0x7ff6d868a715+324c75]
	chromedriver!GetHandleVerifier [0x7ff6d86ac012+346572]
	chromedriver!GetHandleVerifier [0x7ff6d8397cb5+32215]
	chromedriver!GetHandleVerifier [0x7ff6d83a087c+3addc]
	chromedriver!GetHandleVerifier [0x7ff6d83840e4+1e644]
	chromedriver!GetHandleVerifier [0x7ff6d8384296+1e7f6]
	chromedriver!GetHandleVerifier [0x7ff6d8368737+2c97]
	KERNEL32!BaseThreadInitThunk [0x7ffd12dde8d7+17]
	ntdll!RtlUserThreadStart [0x7ffd1460c3fc+2c]

2026-04-26 17:40:36 [阶段 1] Traceback (most recent call last):
  File "C:\Users\Huawei\.openclaw\workspace\tools\stage1_grab.py", line 1178, in main
    result = collect_district_browser_side(driver, district)
             ^^^^^^^^^^^^^^^^^^^^^^^^^^^^^^^^^^^^^^^^^^^^^^^
  File "C:\Users\Huawei\.openclaw\workspace\tools\stage1_grab.py", line 954, in collect_district_browser_side
    raise RuntimeError(f"district_state_missing: {district['name']}")
RuntimeError: district_state_missing: 浦东

During handling of the above exception, another exception occurred:

Traceback (most recent call last):
  File "C:\Users\Huawei\.openclaw\workspace\tools\stage1_grab.py", line 1226, in main
    driver.get(BASE_URL)
  File "C:\Users\Huawei\AppData\Local\Programs\Python\Python311\Lib\site-packages\selenium\webdriver\remote\webdriver.py", line 466, in get
    self.execute(Command.GET, {"url": url})
  File "C:\Users\Huawei\AppData\Local\Programs\Python\Python311\Lib\site-packages\selenium\webdriver\remote\webdriver.py", line 446, in execute
    self.error_handler.check_response(response)
  File "C:\Users\Huawei\AppData\Local\Programs\Python\Python311\Lib\site-packages\selenium\webdriver\remote\errorhandler.py", line 232, in check_response
    raise exception_class(message, screen, stacktrace)
selenium.common.exceptions.TimeoutException: Message: timeout: Timed out receiving message from renderer: -0.011
  (Session info: chrome=147.0.7727.103)
Stacktrace:
	chromedriver!GetHandleVerifier [0x7ff6d837a8e5+14e45]
	chromedriver!GetHandleVerifier [0x7ff6d837a950+14eb0]
	chromedriver!(No symbol) [0x7ff6d80ed6ed]
	chromedriver!(No symbol) [0x7ff6d80d9ec9]
	chromedriver!(No symbol) [0x7ff6d80d9bb1]
	chromedriver!(No symbol) [0x7ff6d80d77e1]
	chromedriver!(No symbol) [0x7ff6d80d811f]
	chromedriver!(No symbol) [0x7ff6d80e7aaa]
	chromedriver!(No symbol) [0x7ff6d80fe9b7]
	chromedriver!(No symbol) [0x7ff6d810610a]
	chromedriver!(No symbol) [0x7ff6d80d88e1]
	chromedriver!(No symbol) [0x7ff6d80fe6e5]
	chromedriver!(No symbol) [0x7ff6d8194703]
	chromedriver!(No symbol) [0x7ff6d81390e8]
	chromedriver!(No symbol) [0x7ff6d8139fc3]
	chromedriver!GetHandleVerifier [0x7ff6d8690149+32a6a9]
	chromedriver!GetHandleVerifier [0x7ff6d868a715+324c75]
	chromedriver!GetHandleVerifier [0x7ff6d86ac012+346572]
	chromedriver!GetHandleVerifier [0x7ff6d8397cb5+32215]
	chromedriver!GetHandleVerifier [0x7ff6d83a087c+3addc]
	chromedriver!GetHandleVerifier [0x7ff6d83840e4+1e644]
	chromedriver!GetHandleVerifier [0x7ff6d8384296+1e7f6]
	chromedriver!GetHandleVerifier [0x7ff6d8368737+2c97]
	KERNEL32!BaseThreadInitThunk [0x7ffd12dde8d7+17]
	ntdll!RtlUserThreadStart [0x7ffd1460c3fc+2c]


2026-04-26 17:40:41 [阶段 1] 浦东 区进度：stage=next_page, page=19, collected=568, status=running
2026-04-26 17:40:41 [阶段 1] 浦东 区进度：stage=next_page, page=13, collected=388, status=running
2026-04-26 17:40:46 [阶段 1] 浦东 区进度：stage=next_page, page=21, collected=628, status=running
2026-04-26 17:40:46 [阶段 1] 浦东 区进度：stage=next_page, page=15, collected=448, status=running
2026-04-26 17:40:51 [阶段 1] 浦东 区进度：stage=next_page, page=23, collected=688, status=running
2026-04-26 17:40:51 [阶段 1] 浦东 区进度：stage=next_page, page=17, collected=508, status=running
2026-04-26 17:40:56 [阶段 1] 浦东 区进度：stage=next_page, page=25, collected=748, status=running
2026-04-26 17:40:56 [阶段 1] 浦东 区进度：stage=next_page, page=19, collected=568, status=running
2026-04-26 17:41:01 [阶段 1] 浦东 区进度：stage=next_page, page=21, collected=628, status=running
2026-04-26 17:41:01 [阶段 1] 浦东 区进度：stage=finished, page=27, collected=770, status=done
2026-04-26 17:41:01 [阶段 1] 浦东 区重试成功：保留 770 套（原始 770 套），页数 27, 停止原因 no_matching_rows
2026-04-26 17:41:01 [阶段 1] 重新加载页面，准备抓取长宁区 (2/10)
2026-04-26 17:41:06 [阶段 1] JavaScript 收集器已重置
2026-04-26 17:41:06 [阶段 1] 开始处理 长宁 区 (2/10)
2026-04-26 17:41:06 [阶段 1] 长宁 区进度：stage=prepare_filters, page=0, collected=0, status=running
2026-04-26 17:41:06 [阶段 1] 浦东 区进度：stage=next_page, page=23, collected=688, status=running
2026-04-26 17:41:11 [阶段 1] 浦东 区进度：stage=next_page, page=25, collected=748, status=running
2026-04-26 17:41:16 [阶段 1] 长宁 区进度：stage=sorting, page=0, collected=0, status=running
2026-04-26 17:41:16 [阶段 1] 浦东 区进度：stage=finished, page=27, collected=770, status=done
2026-04-26 17:41:16 [阶段 1] 浦东 区重试成功：保留 770 套（原始 770 套），页数 27, 停止原因 no_matching_rows
2026-04-26 17:41:16 [阶段 1] 重新加载页面，准备抓取长宁区 (2/10)
2026-04-26 17:41:21 [阶段 1] JavaScript 收集器已重置
2026-04-26 17:41:21 [阶段 1] 开始处理 长宁 区 (2/10)
2026-04-26 17:41:21 [阶段 1] 长宁 区进度：stage=prepare_filters, page=0, collected=0, status=running
2026-04-26 17:41:21 [阶段 1] 长宁 区进度：stage=next_page, page=1, collected=30, status=running
2026-04-26 17:41:26 [阶段 1] 长宁 区进度：stage=next_page, page=2, collected=60, status=running
2026-04-26 17:41:31 [阶段 1] 长宁 区进度：stage=sorting, page=0, collected=0, status=running
2026-04-26 17:41:31 [阶段 1] 长宁 区进度：stage=next_page, page=3, collected=90, status=running
2026-04-26 17:41:36 [阶段 1] 长宁 区进度：stage=next_page, page=1, collected=30, status=running
2026-04-26 17:41:36 [阶段 1] 长宁 区进度：stage=next_page, page=5, collected=150, status=running
2026-04-26 17:41:41 [阶段 1] 长宁 区进度：stage=next_page, page=3, collected=90, status=running
2026-04-26 17:41:41 [阶段 1] 长宁 区进度：stage=next_page, page=6, collected=180, status=running
2026-04-26 17:41:46 [阶段 1] 长宁 区进度：stage=next_page, page=5, collected=150, status=running
2026-04-26 17:41:46 [阶段 1] 长宁 区进度：stage=next_page, page=7, collected=210, status=running
2026-04-26 17:41:51 [阶段 1] 长宁 区进度：stage=next_page, page=6, collected=180, status=running
2026-04-26 17:41:51 [阶段 1] 长宁 区进度：stage=next_page, page=8, collected=239, status=running
2026-04-26 17:41:56 [阶段 1] 长宁 区进度：stage=next_page, page=9, collected=247, status=running
2026-04-26 17:41:56 [阶段 1] 长宁 区进度：stage=finished, page=10, collected=247, status=done
2026-04-26 17:41:56 [阶段 1] 长宁 区完成：保留 247 套（原始 247 套），页数 10, 停止原因 no_matching_rows, 耗时 0.9分钟
2026-04-26 17:41:57 [阶段 1] 重新加载页面，准备抓取静安区 (3/10)
2026-04-26 17:42:01 [阶段 1] 长宁 区进度：stage=finished, page=10, collected=247, status=done
2026-04-26 17:42:01 [阶段 1] 长宁 区完成：保留 247 套（原始 247 套），页数 10, 停止原因 no_matching_rows, 耗时 0.7分钟
2026-04-26 17:42:02 [阶段 1] JavaScript 收集器已重置
2026-04-26 17:42:02 [阶段 1] 开始处理 静安 区 (3/10)
2026-04-26 17:42:02 [阶段 1] 静安 区进度：stage=prepare_filters, page=0, collected=0, status=running
2026-04-26 17:42:02 [阶段 1] 重新加载页面，准备抓取静安区 (3/10)
2026-04-26 17:42:07 [阶段 1] JavaScript 收集器已重置
2026-04-26 17:42:07 [阶段 1] 开始处理 静安 区 (3/10)
2026-04-26 17:42:07 [阶段 1] 静安 区进度：stage=prepare_filters, page=0, collected=0, status=running
2026-04-26 17:42:17 [阶段 1] 静安 区进度：stage=sorting, page=0, collected=0, status=running
2026-04-26 17:42:17 [阶段 1] 静安 区进度：stage=sorting, page=0, collected=0, status=running
2026-04-26 17:42:22 [阶段 1] 静安 区进度：stage=next_page, page=2, collected=60, status=running
2026-04-26 17:42:27 [阶段 1] 静安 区进度：stage=next_page, page=2, collected=60, status=running
2026-04-26 17:42:27 [阶段 1] 静安 区进度：stage=next_page, page=4, collected=120, status=running
2026-04-26 17:42:32 [阶段 1] 静安 区进度：stage=next_page, page=4, collected=120, status=running
2026-04-26 17:42:32 [阶段 1] 静安 区进度：stage=next_page, page=5, collected=148, status=running
2026-04-26 17:42:37 [阶段 1] 静安 区进度：stage=next_page, page=6, collected=178, status=running
2026-04-26 17:42:37 [阶段 1] 静安 区进度：stage=next_page, page=7, collected=208, status=running
2026-04-26 17:42:42 [阶段 1] 静安 区进度：stage=next_page, page=8, collected=238, status=running
2026-04-26 17:42:42 [阶段 1] 静安 区进度：stage=next_page, page=8, collected=238, status=running
2026-04-26 17:42:47 [阶段 1] 静安 区进度：stage=next_page, page=10, collected=293, status=running
2026-04-26 17:42:47 [阶段 1] 静安 区进度：stage=next_page, page=9, collected=268, status=running
2026-04-26 17:42:52 [阶段 1] 静安 区进度：stage=finished, page=11, collected=293, status=done
2026-04-26 17:42:52 [阶段 1] 静安 区进度：stage=next_page, page=10, collected=293, status=running
2026-04-26 17:42:52 [阶段 1] 静安 区完成：保留 293 套（原始 293 套），页数 11, 停止原因 no_matching_rows, 耗时 0.8分钟
2026-04-26 17:42:53 [阶段 1] 重新加载页面，准备抓取黄浦区 (4/10)
2026-04-26 17:42:57 [阶段 1] 静安 区进度：stage=finished, page=11, collected=293, status=done
2026-04-26 17:42:57 [阶段 1] 静安 区完成：保留 293 套（原始 293 套），页数 11, 停止原因 no_matching_rows, 耗时 1.0分钟
2026-04-26 17:42:58 [阶段 1] JavaScript 收集器已重置
2026-04-26 17:42:58 [阶段 1] 开始处理 黄浦 区 (4/10)
2026-04-26 17:42:58 [阶段 1] 黄浦 区进度：stage=prepare_filters, page=0, collected=0, status=running
2026-04-26 17:42:58 [阶段 1] 重新加载页面，准备抓取黄浦区 (4/10)
2026-04-26 17:43:02 [阶段 1] JavaScript 收集器已重置
2026-04-26 17:43:02 [阶段 1] 开始处理 黄浦 区 (4/10)
2026-04-26 17:43:02 [阶段 1] 黄浦 区进度：stage=prepare_filters, page=0, collected=0, status=running
2026-04-26 17:43:09 [阶段 1] 黄浦 区进度：stage=sorting, page=0, collected=0, status=running
2026-04-26 17:43:14 [阶段 1] 黄浦 区进度：stage=next_page, page=2, collected=60, status=running
2026-04-26 17:43:19 [阶段 1] 黄浦 区进度：stage=next_page, page=3, collected=90, status=running
2026-04-26 17:43:22 [阶段 1] 黄浦 区进度：stage=sorting, page=0, collected=0, status=running
2026-04-26 17:43:24 [阶段 1] 黄浦 区进度：stage=next_page, page=5, collected=150, status=running
2026-04-26 17:43:27 [阶段 1] 黄浦 区进度：stage=next_page, page=2, collected=60, status=running
2026-04-26 17:43:29 [阶段 1] 黄浦 区进度：stage=next_page, page=7, collected=210, status=running
2026-04-26 17:43:32 [阶段 1] 黄浦 区进度：stage=next_page, page=3, collected=90, status=running
2026-04-26 17:43:34 [阶段 1] 黄浦 区进度：stage=next_page, page=8, collected=227, status=running
2026-04-26 17:43:38 [阶段 1] 黄浦 区进度：stage=next_page, page=4, collected=120, status=running
2026-04-26 17:43:39 [阶段 1] 黄浦 区进度：stage=next_page, page=10, collected=230, status=running
2026-04-26 17:43:43 [阶段 1] 黄浦 区进度：stage=next_page, page=5, collected=150, status=running
2026-04-26 17:43:44 [阶段 1] 黄浦 区进度：stage=next_page, page=11, collected=231, status=running
2026-04-26 17:43:48 [阶段 1] 黄浦 区进度：stage=next_page, page=7, collected=210, status=running
2026-04-26 17:43:49 [阶段 1] 黄浦 区进度：stage=finished, page=13, collected=233, status=done
2026-04-26 17:43:49 [阶段 1] 黄浦 区完成：保留 233 套（原始 233 套），页数 13, 停止原因 no_matching_rows, 耗时 0.9分钟
2026-04-26 17:43:52 [阶段 1] 重新加载页面，准备抓取徐汇区 (5/10)
2026-04-26 17:43:53 [阶段 1] 黄浦 区进度：stage=next_page, page=8, collected=227, status=running
2026-04-26 17:43:58 [阶段 1] 黄浦 区进度：stage=next_page, page=9, collected=229, status=running
2026-04-26 17:43:58 [阶段 1] JavaScript 收集器已重置
2026-04-26 17:43:58 [阶段 1] 开始处理 徐汇 区 (5/10)
2026-04-26 17:43:58 [阶段 1] 徐汇 区进度：stage=prepare_filters, page=0, collected=0, status=running
2026-04-26 17:44:08 [阶段 1] 徐汇 区进度：stage=sorting, page=0, collected=0, status=running
2026-04-26 17:44:18 [阶段 1] 徐汇 区进度：stage=next_page, page=2, collected=60, status=running
2026-04-26 17:44:23 [阶段 1] 徐汇 区进度：stage=next_page, page=4, collected=119, status=running
2026-04-26 17:44:28 [阶段 1] 徐汇 区进度：stage=next_page, page=6, collected=179, status=running
2026-04-26 17:44:33 [阶段 1] 徐汇 区进度：stage=next_page, page=8, collected=239, status=running
2026-04-26 17:44:38 [阶段 1] 徐汇 区进度：stage=next_page, page=10, collected=298, status=running
2026-04-26 17:44:43 [阶段 1] 徐汇 区进度：stage=finished, page=12, collected=304, status=done
2026-04-26 17:44:43 [阶段 1] 徐汇 区完成：保留 304 套（原始 304 套），页数 12, 停止原因 no_matching_rows, 耗时 0.9分钟
2026-04-26 17:44:45 [阶段 1] 重新加载页面，准备抓取普陀区 (6/10)
2026-04-26 17:44:49 [阶段 1] JavaScript 收集器已重置
2026-04-26 17:44:49 [阶段 1] 开始处理 普陀 区 (6/10)
2026-04-26 17:44:49 [阶段 1] 普陀 区进度：stage=prepare_filters, page=0, collected=0, status=running
2026-04-26 17:44:58 [阶段 1] 黄浦 区进度：stage=next_page, page=10, collected=230, status=running
2026-04-26 17:44:59 [阶段 1] 普陀 区进度：stage=sorting, page=0, collected=0, status=running
2026-04-26 17:45:04 [阶段 1] 普陀 区进度：stage=next_page, page=2, collected=60, status=running
2026-04-26 17:45:09 [阶段 1] 普陀 区进度：stage=next_page, page=3, collected=90, status=running
2026-04-26 17:45:15 [阶段 1] 普陀 区进度：stage=next_page, page=5, collected=150, status=running
2026-04-26 17:45:20 [阶段 1] 普陀 区进度：stage=next_page, page=7, collected=210, status=running
2026-04-26 17:45:25 [阶段 1] 普陀 区进度：stage=next_page, page=8, collected=240, status=running
2026-04-26 17:45:30 [阶段 1] 普陀 区进度：stage=next_page, page=10, collected=282, status=running
2026-04-26 17:45:35 [阶段 1] 普陀 区进度：stage=finished, page=12, collected=283, status=done
2026-04-26 17:45:35 [阶段 1] 普陀 区完成：保留 283 套（原始 283 套），页数 12, 停止原因 no_matching_rows, 耗时 0.8分钟
2026-04-26 17:45:37 [阶段 1] 重新加载页面，准备抓取闵行区 (7/10)
2026-04-26 17:45:42 [阶段 1] JavaScript 收集器已重置
2026-04-26 17:45:42 [阶段 1] 开始处理 闵行 区 (7/10)
2026-04-26 17:45:42 [阶段 1] 闵行 区进度：stage=prepare_filters, page=0, collected=0, status=running
2026-04-26 17:45:52 [阶段 1] 闵行 区进度：stage=sorting, page=0, collected=0, status=running
2026-04-26 17:45:57 [阶段 1] 闵行 区进度：stage=next_page, page=2, collected=59, status=running
2026-04-26 17:46:02 [阶段 1] 闵行 区进度：stage=next_page, page=3, collected=88, status=running
2026-04-26 17:46:07 [阶段 1] 闵行 区进度：stage=next_page, page=5, collected=147, status=running
2026-04-26 17:46:12 [阶段 1] 闵行 区进度：stage=next_page, page=7, collected=207, status=running
2026-04-26 17:46:17 [阶段 1] 闵行 区进度：stage=next_page, page=8, collected=237, status=running
2026-04-26 17:46:22 [阶段 1] 闵行 区进度：stage=next_page, page=10, collected=297, status=running
2026-04-26 17:46:27 [阶段 1] 闵行 区进度：stage=next_page, page=12, collected=355, status=running
2026-04-26 17:46:32 [阶段 1] 闵行 区进度：stage=next_page, page=13, collected=356, status=running
2026-04-26 17:46:37 [阶段 1] 闵行 区进度：stage=finished, page=15, collected=358, status=done
2026-04-26 17:46:37 [阶段 1] 闵行 区完成：保留 358 套（原始 358 套），页数 15, 停止原因 no_matching_rows, 耗时 1.0分钟
2026-04-26 17:46:39 [阶段 1] 重新加载页面，准备抓取虹口区 (8/10)
2026-04-26 17:46:43 [阶段 1] JavaScript 收集器已重置
2026-04-26 17:46:43 [阶段 1] 开始处理 虹口 区 (8/10)
2026-04-26 17:46:43 [阶段 1] 虹口 区进度：stage=prepare_filters, page=0, collected=0, status=running
2026-04-26 17:46:53 [阶段 1] 虹口 区进度：stage=sorting, page=0, collected=0, status=running
2026-04-26 17:46:58 [阶段 1] 虹口 区进度：stage=next_page, page=1, collected=30, status=running
2026-04-26 17:47:03 [阶段 1] 虹口 区进度：stage=next_page, page=3, collected=90, status=running
2026-04-26 17:47:08 [阶段 1] 虹口 区进度：stage=finished, page=5, collected=119, status=done
2026-04-26 17:47:08 [阶段 1] 虹口 区完成：保留 119 套（原始 119 套），页数 5, 停止原因 no_matching_rows, 耗时 0.5分钟
2026-04-26 17:47:10 [阶段 1] 重新加载页面，准备抓取杨浦区 (9/10)
2026-04-26 17:47:14 [阶段 1] JavaScript 收集器已重置
2026-04-26 17:47:14 [阶段 1] 开始处理 杨浦 区 (9/10)
2026-04-26 17:47:14 [阶段 1] 杨浦 区进度：stage=prepare_filters, page=0, collected=0, status=running
2026-04-26 17:47:24 [阶段 1] 杨浦 区进度：stage=sorting, page=0, collected=0, status=running
2026-04-26 17:47:29 [阶段 1] 杨浦 区进度：stage=next_page, page=2, collected=60, status=running
2026-04-26 17:47:34 [阶段 1] 杨浦 区进度：stage=next_page, page=4, collected=120, status=running
2026-04-26 17:47:39 [阶段 1] 杨浦 区进度：stage=next_page, page=6, collected=180, status=running
2026-04-26 17:47:45 [阶段 1] 杨浦 区进度：stage=finished, page=8, collected=188, status=done
2026-04-26 17:47:45 [阶段 1] 杨浦 区完成：保留 188 套（原始 188 套），页数 8, 停止原因 no_matching_rows, 耗时 0.6分钟
2026-04-26 17:47:46 [阶段 1] 重新加载页面，准备抓取嘉定区 (10/10)
2026-04-26 17:47:51 [阶段 1] JavaScript 收集器已重置
2026-04-26 17:47:51 [阶段 1] 开始处理 嘉定 区 (10/10)
2026-04-26 17:47:51 [阶段 1] 嘉定 区进度：stage=prepare_filters, page=0, collected=0, status=running
2026-04-26 17:47:58 [阶段 1] 黄浦 区进度：stage=next_page, page=11, collected=231, status=running
2026-04-26 17:48:01 [阶段 1] 嘉定 区进度：stage=sorting, page=0, collected=0, status=running
2026-04-26 17:48:06 [阶段 1] 嘉定 区进度：stage=next_page, page=2, collected=35, status=running
2026-04-26 17:48:11 [阶段 1] 嘉定 区进度：stage=finished, page=4, collected=36, status=done
2026-04-26 17:48:11 [阶段 1] 嘉定 区完成：保留 36 套（原始 36 套），页数 4, 停止原因 no_matching_rows, 耗时 0.4分钟
2026-04-26 17:48:12 [阶段 1] ============================================================
2026-04-26 17:48:12 [阶段 1] 抓取完成，共 2831 套房源
2026-04-26 17:48:12 [阶段 1] 总耗时：9.3分钟
2026-04-26 17:48:12 [阶段 1] 平均总价：1099.5 万
2026-04-26 17:48:12 [阶段 1] 平均房源分：7.10
2026-04-26 17:48:12 [阶段 2] 开始数据校验
2026-04-26 17:48:12 [阶段 2] OK: 校验通过（2831 条）
2026-04-26 17:48:12 [阶段 3] 开始保存数据
2026-04-26 17:48:12 [阶段 3] OK: 成功保存 2831 条数据
2026-04-26 17:48:12 [完成] ============================================================
2026-04-26 17:48:12 [完成] 抓取完成，总计 2831 套房源
2026-04-26 17:48:12 [完成] 数据文件：C:\Users\Huawei\.openclaw\workspace\tools\_house_grab_runtime\data.json
2026-04-26 17:48:15 [控制] 阶段 1 抓取（总控重试 1/2） 返回码：0，耗时 562.9 秒
2026-04-26 17:48:15 [控制] 执行 阶段 2 验证（总控重试 1/1）：第 1/1 次
2026-04-26 17:48:15 [控制] 执行 阶段 2 验证：第 1/1 次
2026-04-26 17:48:15 [阶段 2] ==================================================
2026-04-26 17:48:15 [阶段 2] 开始数据校验
2026-04-26 17:48:15 [阶段 2] 校验通过，共 2831 条
2026-04-26 17:48:15 [控制] 阶段 2 验证 返回码：0，耗时 0.2 秒
2026-04-26 17:48:16 [控制] 进度报告已发送
2026-04-26 17:48:16 [控制] 检查目标 Excel 文件占用：daily_followup.xlsm
2026-04-26 17:48:21 [控制] 执行 阶段 3 写入 Excel：第 1/1 次
2026-04-26 17:48:21 [阶段 3] 写入尝试 1/2
2026-04-26 17:48:21 [阶段 3] 开始离线写入 Excel（使用 win32com，保留宏）
2026-04-26 17:48:21 [阶段 3] 读取到 2831 套房源
2026-04-26 17:48:21 [阶段 3] 🔧 清理可能残留的 Excel 进程...
2026-04-26 17:48:23 [阶段 3] 已备份工作簿：daily_followup.stage3_backup.20260426_174823.xlsm
2026-04-26 17:48:23 [阶段 3] 创建 Excel 实例...
2026-04-26 17:48:25 [阶段 3] 打开工作簿：D:\Unique work form\daily_followup.xlsm
2026-04-26 17:48:34 [阶段 3] 目标工作表：房      源
2026-04-26 17:48:34 [阶段 3] 加载房龄库...
2026-04-26 17:49:13 [阶段 3] 房龄库加载完成：3971 条记录
2026-04-26 17:49:13 [阶段 3] 房龄自动匹配：2680/2831 套
2026-04-26 17:49:13 [阶段 3] 清空旧数据区域：第 4 行到第 9333 行
2026-04-26 17:49:13 [阶段 3] 开始写入新数据...
2026-04-26 17:49:13 [阶段 3] 表头已存在（行政区），跳过表头写入
2026-04-26 17:49:13 [阶段 3] 批量构建写入数据...
2026-04-26 17:49:13 [阶段 3] 批量写入数据到 Excel...
2026-04-26 17:49:14 [阶段 3] 已写入 2831/2831 行
2026-04-26 17:49:14 [阶段 3] 设置筛选范围：A3:N2834
2026-04-26 17:49:14 [阶段 3] 保存工作簿...
2026-04-26 17:49:18 [阶段 3] 数据写入完成，文件已保存
2026-04-26 17:49:18 [阶段 3] 关闭 Excel...
2026-04-26 17:49:18 [阶段 3] ✅ Excel 已正常关闭
2026-04-26 17:49:21 [阶段 3] 保存后校验到 2831 行数据
2026-04-26 17:49:21 [阶段 3] 已跳过宏：区域房龄刷新（该宏会截断房源行数）
2026-04-26 17:49:22 [阶段 3] 🔧 最终清理：强制释放所有 Excel 进程...
2026-04-26 17:49:23 [阶段 3] ✅ 清理完成
2026-04-26 17:49:23 [阶段 3] 写入完成，共 2831 套
2026-04-26 17:49:23 [控制] 阶段 3 写入 Excel 返回码：0，耗时 61.8 秒
2026-04-26 17:49:23 [控制] 刷新团团助手缓存
2026-04-26 17:49:57 [控制] OK: 缓存刷新完成
2026-04-26 17:49:57 [控制] 打开 Excel 并定位到房源表...
2026-04-26 17:50:11 [控制] OK: Excel 已打开并定位到房源表
2026-04-26 17:50:13 [控制] 进度报告已发送
2026-04-26 17:50:14 [控制] Telegram 通知已发送
2026-04-26 17:50:58 [阶段 1] 黄浦 区进度：stage=next_page, page=12, collected=233, status=running
2026-04-26 17:53:59 [阶段 1] 黄浦 区进度：stage=finished, page=13, collected=233, status=done
2026-04-26 17:53:59 [阶段 1] 黄浦 区完成：保留 233 套（原始 233 套），页数 13, 停止原因 no_matching_rows, 耗时 11.0分钟
2026-04-26 17:54:01 [阶段 1] 重新加载页面，准备抓取徐汇区 (5/10)
2026-04-26 17:54:07 [阶段 1] JavaScript 收集器已重置
2026-04-26 17:54:07 [阶段 1] 开始处理 徐汇 区 (5/10)
2026-04-26 17:54:07 [阶段 1] 徐汇 区进度：stage=prepare_filters, page=0, collected=0, status=running
2026-04-26 17:54:22 [阶段 1] 徐汇 区进度：stage=error, page=0, collected=0, status=error
2026-04-26 17:54:22 [阶段 1] WARNING: 徐汇 区出错：Error: 未找到价格输入框
    at Object.prepareFullCityAndPrice (eval at executeScript (:416:16), <anonymous>:291:19)
    at async Object.processDistrict (eval at executeScript (:416:16), <anonymous>:469:9)
    at async eval (eval at executeScript (:416:16), <anonymous>:71:32) (耗时 0.4分钟)
2026-04-26 17:54:22 [阶段 1] 重试 徐汇 区 (1/2)...
2026-04-26 17:54:37 [阶段 1] JavaScript 收集器已重置
2026-04-26 17:54:37 [阶段 1] 徐汇 区进度：stage=prepare_filters, page=0, collected=0, status=running
2026-04-26 17:54:52 [阶段 1] 徐汇 区进度：stage=error, page=0, collected=0, status=error
2026-04-26 17:54:52 [阶段 1] 重试失败，10 秒后再次重试
2026-04-26 17:54:52 [阶段 1] 重试 徐汇 区 (2/2)...
2026-04-26 17:55:08 [阶段 1] JavaScript 收集器已重置
2026-04-26 17:55:08 [阶段 1] 徐汇 区进度：stage=prepare_filters, page=0, collected=0, status=running
2026-04-26 17:55:23 [阶段 1] 徐汇 区进度：stage=error, page=0, collected=0, status=error
2026-04-26 17:55:23 [阶段 1] ERROR: 徐汇 区重试2次后仍失败，终止抓取
2026-04-26 17:55:23 [阶段 1] ERROR: 抓取失败：徐汇 区重试2次后仍失败：Error: 未找到价格输入框
    at Object.prepareFullCityAndPrice (eval at executeScript (:416:16), <anonymous>:291:19)
    at async Object.processDistrict (eval at executeScript (:416:16), <anonymous>:469:9)
    at async eval (eval at executeScript (:416:16), <anonymous>:71:32)
2026-04-26 17:55:23 [阶段 1] Traceback (most recent call last):
  File "C:\Users\Huawei\.openclaw\workspace\tools\stage1_grab.py", line 1178, in main
    result = collect_district_browser_side(driver, district)
             ^^^^^^^^^^^^^^^^^^^^^^^^^^^^^^^^^^^^^^^^^^^^^^^
  File "C:\Users\Huawei\.openclaw\workspace\tools\stage1_grab.py", line 985, in collect_district_browser_side
    raise RuntimeError(state.get("error", f"district_error: {district['name']}"))
RuntimeError: Error: 未找到价格输入框
    at Object.prepareFullCityAndPrice (eval at executeScript (:416:16), <anonymous>:291:19)
    at async Object.processDistrict (eval at executeScript (:416:16), <anonymous>:469:9)
    at async eval (eval at executeScript (:416:16), <anonymous>:71:32)

During handling of the above exception, another exception occurred:

Traceback (most recent call last):
  File "C:\Users\Huawei\.openclaw\workspace\tools\stage1_grab.py", line 1232, in main
    result = collect_district_browser_side(driver, district)
             ^^^^^^^^^^^^^^^^^^^^^^^^^^^^^^^^^^^^^^^^^^^^^^^
  File "C:\Users\Huawei\.openclaw\workspace\tools\stage1_grab.py", line 985, in collect_district_browser_side
    raise RuntimeError(state.get("error", f"district_error: {district['name']}"))
RuntimeError: Error: 未找到价格输入框
    at Object.prepareFullCityAndPrice (eval at executeScript (:416:16), <anonymous>:291:19)
    at async Object.processDistrict (eval at executeScript (:416:16), <anonymous>:469:9)
    at async eval (eval at executeScript (:416:16), <anonymous>:71:32)

During handling of the above exception, another exception occurred:

Traceback (most recent call last):
  File "C:\Users\Huawei\.openclaw\workspace\tools\stage1_grab.py", line 1261, in main
    raise RuntimeError(f"{district['name']} 区重试{max_retry}次后仍失败：{retry_exc}")
RuntimeError: 徐汇 区重试2次后仍失败：Error: 未找到价格输入框
    at Object.prepareFullCityAndPrice (eval at executeScript (:416:16), <anonymous>:291:19)
    at async Object.processDistrict (eval at executeScript (:416:16), <anonymous>:469:9)
    at async eval (eval at executeScript (:416:16), <anonymous>:71:32)

2026-04-27 10:17:39 [控制] 检查并清理旧进程...
2026-04-27 10:17:39 [控制] 清理旧进程：无旧进程
2026-04-27 10:17:41 [控制] 房源抓取任务启动
2026-04-27 10:17:43 [控制] 执行 阶段 1 抓取（总控重试 1/2）：第 1/1 次
2026-04-27 10:17:43 [阶段 1] ============================================================
2026-04-27 10:17:43 [阶段 1] 开始房源抓取（页面内执行同源 JS 逻辑）
2026-04-27 10:17:43 [阶段 1] 目标 URL: https://house.link.lianjia.com/search/sale/default/gdiv_mt
2026-04-27 10:17:43 [阶段 1] 价格要求：700-10000 万
2026-04-27 10:17:43 [阶段 1] 筛选规则：房源分 >= 6.0 或最近 3 天/小时内
2026-04-27 10:17:43 [阶段 1] 抓取区顺序：浦东、长宁、静安、黄浦、徐汇、普陀、闵行、虹口、杨浦、嘉定
2026-04-27 10:17:43 [阶段 1] 超时保护：整体90分钟，单区15分钟
2026-04-27 10:17:45 [阶段 1] 未检测到调试 Chrome，准备自动启动专用调试窗口
2026-04-27 10:17:48 [阶段 1] 调试启动输出：Starting Chrome with debugger...
Waiting for Chrome debugger port...
DEBUG_PORT_READY:9222
Chrome started successfully on port 9222
2026-04-27 10:17:48 [阶段 1] OK: 调试 Chrome 已启动，复用工作区 ChromeDebugProfile
2026-04-27 10:17:48 [阶段 1] 提示：浏览器窗口已打开，请勿手动关闭
2026-04-27 10:17:48 [阶段 1] 连接 Chrome...
2026-04-27 10:17:48 [阶段 1] 尝试连接 Chrome 调试端口 (尝试 1/3)...
2026-04-27 10:17:52 [阶段 1] Chrome 连接成功
2026-04-27 10:17:52 [阶段 1] OK: Chrome 连接成功
2026-04-27 10:17:52 [阶段 1] 初始化页面（仅加载一次）...
2026-04-27 10:17:52 [阶段 1] 打开页面：https://house.link.lianjia.com/search/sale/default/gdiv_mt
2026-04-27 10:17:56 [阶段 1] 检测到登录页，等待你在专用调试窗口完成扫码登录...
2026-04-27 10:18:31 [阶段 1] Telegram 登录提醒已发送
2026-04-27 10:19:58 [阶段 1] ERROR: 页面在 120 秒内未进入可抓取状态
2026-04-27 10:19:58 [阶段 1] 提示：请在专用调试窗口完成登录后重试
2026-04-27 10:20:00 [控制] 阶段 1 抓取（总控重试 1/2） 返回码：1，耗时 137.3 秒
2026-04-27 10:20:00 [控制] 阶段 1 抓取（总控重试 1/2） 失败，10 秒后整轮重抓
2026-04-27 10:20:10 [控制] 执行 阶段 1 抓取（总控重试 2/2）：第 1/1 次
2026-04-27 10:20:11 [阶段 1] ============================================================
2026-04-27 10:20:11 [阶段 1] 开始房源抓取（页面内执行同源 JS 逻辑）
2026-04-27 10:20:11 [阶段 1] 目标 URL: https://house.link.lianjia.com/search/sale/default/gdiv_mt
2026-04-27 10:20:11 [阶段 1] 价格要求：700-10000 万
2026-04-27 10:20:11 [阶段 1] 筛选规则：房源分 >= 6.0 或最近 3 天/小时内
2026-04-27 10:20:11 [阶段 1] 抓取区顺序：浦东、长宁、静安、黄浦、徐汇、普陀、闵行、虹口、杨浦、嘉定
2026-04-27 10:20:11 [阶段 1] 超时保护：整体90分钟，单区15分钟
2026-04-27 10:20:11 [阶段 1] 连接 Chrome...
2026-04-27 10:20:11 [阶段 1] 尝试连接 Chrome 调试端口 (尝试 1/3)...
2026-04-27 10:20:12 [阶段 1] Chrome 连接成功
2026-04-27 10:20:12 [阶段 1] OK: Chrome 连接成功
2026-04-27 10:20:12 [阶段 1] 初始化页面（仅加载一次）...
2026-04-27 10:20:12 [阶段 1] 打开页面：https://house.link.lianjia.com/search/sale/default/gdiv_mt
2026-04-27 10:20:13 [阶段 1] 页面就绪，开始逐区抓取
2026-04-27 10:20:13 [阶段 1] 重新加载页面，准备抓取浦东区 (1/10)
2026-04-27 10:20:18 [阶段 1] JavaScript 收集器已重置
2026-04-27 10:20:18 [阶段 1] 开始处理 浦东 区 (1/10)
2026-04-27 10:20:18 [阶段 1] 浦东 区进度：stage=prepare_filters, page=0, collected=0, status=running
2026-04-27 10:20:33 [阶段 1] 浦东 区进度：stage=sorting, page=0, collected=0, status=running
2026-04-27 10:20:38 [阶段 1] 浦东 区进度：stage=next_page, page=2, collected=60, status=running
2026-04-27 10:20:43 [阶段 1] 浦东 区进度：stage=next_page, page=3, collected=90, status=running
2026-04-27 10:20:48 [阶段 1] 浦东 区进度：stage=next_page, page=4, collected=119, status=running
2026-04-27 10:20:53 [阶段 1] 浦东 区进度：stage=next_page, page=5, collected=149, status=running
2026-04-27 10:20:58 [阶段 1] 浦东 区进度：stage=next_page, page=7, collected=209, status=running
2026-04-27 10:21:03 [阶段 1] 浦东 区进度：stage=next_page, page=8, collected=239, status=running
2026-04-27 10:21:08 [阶段 1] 浦东 区进度：stage=next_page, page=9, collected=269, status=running
2026-04-27 10:21:13 [阶段 1] 浦东 区进度：stage=next_page, page=10, collected=299, status=running
2026-04-27 10:21:18 [阶段 1] 浦东 区进度：stage=next_page, page=11, collected=329, status=running
2026-04-27 10:21:23 [阶段 1] 浦东 区进度：stage=next_page, page=13, collected=389, status=running
2026-04-27 10:21:28 [阶段 1] 浦东 区进度：stage=next_page, page=14, collected=419, status=running
2026-04-27 10:21:33 [阶段 1] 浦东 区进度：stage=next_page, page=15, collected=449, status=running
2026-04-27 10:21:38 [阶段 1] 浦东 区进度：stage=next_page, page=16, collected=479, status=running
2026-04-27 10:21:43 [阶段 1] 浦东 区进度：stage=next_page, page=18, collected=539, status=running
2026-04-27 10:21:48 [阶段 1] 浦东 区进度：stage=next_page, page=19, collected=569, status=running
2026-04-27 10:21:53 [阶段 1] 浦东 区进度：stage=next_page, page=20, collected=599, status=running
2026-04-27 10:21:58 [阶段 1] 浦东 区进度：stage=next_page, page=21, collected=629, status=running
2026-04-27 10:22:03 [阶段 1] 浦东 区进度：stage=next_page, page=22, collected=659, status=running
2026-04-27 10:22:08 [阶段 1] 浦东 区进度：stage=next_page, page=24, collected=719, status=running
2026-04-27 10:22:13 [阶段 1] 浦东 区进度：stage=next_page, page=25, collected=749, status=running
2026-04-27 10:22:18 [阶段 1] 浦东 区进度：stage=next_page, page=26, collected=757, status=running
2026-04-27 10:22:23 [阶段 1] 浦东 区进度：stage=finished, page=27, collected=757, status=done
2026-04-27 10:22:23 [阶段 1] 浦东 区完成：保留 757 套（原始 757 套），页数 27, 停止原因 no_matching_rows, 耗时 2.2分钟
2026-04-27 10:22:24 [阶段 1] 重新加载页面，准备抓取长宁区 (2/10)
2026-04-27 10:22:29 [阶段 1] JavaScript 收集器已重置
2026-04-27 10:22:29 [阶段 1] 开始处理 长宁 区 (2/10)
2026-04-27 10:22:29 [阶段 1] 长宁 区进度：stage=prepare_filters, page=0, collected=0, status=running
2026-04-27 10:22:39 [阶段 1] 长宁 区进度：stage=sorting, page=0, collected=0, status=running
2026-04-27 10:22:44 [阶段 1] 长宁 区进度：stage=next_page, page=1, collected=30, status=running
2026-04-27 10:22:49 [阶段 1] 长宁 区进度：stage=next_page, page=2, collected=60, status=running
2026-04-27 10:22:54 [阶段 1] 长宁 区进度：stage=next_page, page=3, collected=90, status=running
2026-04-27 10:22:59 [阶段 1] 长宁 区进度：stage=next_page, page=4, collected=120, status=running
2026-04-27 10:23:04 [阶段 1] 长宁 区进度：stage=next_page, page=6, collected=180, status=running
2026-04-27 10:23:09 [阶段 1] 长宁 区进度：stage=next_page, page=7, collected=210, status=running
2026-04-27 10:23:14 [阶段 1] 长宁 区进度：stage=next_page, page=8, collected=240, status=running
2026-04-27 10:23:19 [阶段 1] 长宁 区进度：stage=next_page, page=9, collected=249, status=running
2026-04-27 10:23:24 [阶段 1] 长宁 区进度：stage=next_page, page=11, collected=254, status=running
2026-04-27 10:24:34 [阶段 1] 长宁 区进度：stage=next_page, page=12, collected=257, status=running
2026-04-27 10:25:54 [阶段 1] WARNING: 长宁 区出错：district_state_missing: 长宁 (耗时 3.5分钟)
2026-04-27 10:25:54 [阶段 1] 重试 长宁 区 (1/2)...
2026-04-27 10:26:09 [阶段 1] JavaScript 收集器已重置
2026-04-27 10:26:09 [阶段 1] 长宁 区进度：stage=prepare_filters, page=0, collected=0, status=running
2026-04-27 10:26:24 [阶段 1] 长宁 区进度：stage=error, page=0, collected=0, status=error
2026-04-27 10:26:24 [阶段 1] 重试失败，10 秒后再次重试
2026-04-27 10:26:24 [阶段 1] 重试 长宁 区 (2/2)...
2026-04-27 10:26:38 [阶段 1] JavaScript 收集器已重置
2026-04-27 10:26:38 [阶段 1] 长宁 区进度：stage=prepare_filters, page=0, collected=0, status=running
2026-04-27 10:26:48 [阶段 1] 长宁 区进度：stage=sorting, page=0, collected=0, status=running
2026-04-27 10:26:53 [阶段 1] 长宁 区进度：stage=next_page, page=2, collected=60, status=running
2026-04-27 10:26:58 [阶段 1] 长宁 区进度：stage=next_page, page=4, collected=120, status=running
2026-04-27 10:27:03 [阶段 1] 长宁 区进度：stage=next_page, page=5, collected=150, status=running
2026-04-27 10:27:08 [阶段 1] 长宁 区进度：stage=next_page, page=6, collected=180, status=running
2026-04-27 10:27:13 [阶段 1] 长宁 区进度：stage=next_page, page=7, collected=210, status=running
2026-04-27 10:27:18 [阶段 1] 长宁 区进度：stage=next_page, page=9, collected=249, status=running
2026-04-27 10:27:23 [阶段 1] 长宁 区进度：stage=next_page, page=10, collected=252, status=running
2026-04-27 10:27:28 [阶段 1] 长宁 区进度：stage=next_page, page=11, collected=254, status=running
2026-04-27 10:27:34 [阶段 1] 长宁 区进度：stage=next_page, page=12, collected=257, status=running
2026-04-27 10:27:39 [阶段 1] 长宁 区进度：stage=next_page, page=14, collected=261, status=running
2026-04-27 10:27:44 [阶段 1] 长宁 区进度：stage=next_page, page=15, collected=263, status=running
2026-04-27 10:27:49 [阶段 1] 长宁 区进度：stage=finished, page=16, collected=263, status=done
2026-04-27 10:27:49 [阶段 1] 长宁 区重试成功：保留 263 套（原始 263 套），页数 16, 停止原因 no_matching_rows
2026-04-27 10:27:49 [阶段 1] 重新加载页面，准备抓取静安区 (3/10)
2026-04-27 10:27:53 [阶段 1] JavaScript 收集器已重置
2026-04-27 10:27:53 [阶段 1] 开始处理 静安 区 (3/10)
2026-04-27 10:27:53 [阶段 1] 静安 区进度：stage=prepare_filters, page=0, collected=0, status=running
2026-04-27 10:28:03 [阶段 1] 静安 区进度：stage=sorting, page=0, collected=0, status=running
2026-04-27 10:28:08 [阶段 1] 静安 区进度：stage=next_page, page=1, collected=30, status=running
2026-04-27 10:28:13 [阶段 1] 静安 区进度：stage=next_page, page=2, collected=60, status=running
2026-04-27 10:28:18 [阶段 1] 静安 区进度：stage=next_page, page=3, collected=90, status=running
2026-04-27 10:28:23 [阶段 1] 静安 区进度：stage=next_page, page=4, collected=120, status=running
2026-04-27 10:28:28 [阶段 1] 静安 区进度：stage=next_page, page=6, collected=178, status=running
2026-04-27 10:28:33 [阶段 1] 静安 区进度：stage=next_page, page=7, collected=208, status=running
2026-04-27 10:28:38 [阶段 1] 静安 区进度：stage=next_page, page=8, collected=238, status=running
2026-04-27 10:28:43 [阶段 1] 静安 区进度：stage=next_page, page=9, collected=268, status=running
2026-04-27 10:28:48 [阶段 1] 静安 区进度：stage=finished, page=11, collected=286, status=done
2026-04-27 10:28:48 [阶段 1] 静安 区完成：保留 286 套（原始 286 套），页数 11, 停止原因 no_matching_rows, 耗时 1.0分钟
2026-04-27 10:28:49 [阶段 1] 重新加载页面，准备抓取黄浦区 (4/10)
2026-04-27 10:28:54 [阶段 1] JavaScript 收集器已重置
2026-04-27 10:28:54 [阶段 1] 开始处理 黄浦 区 (4/10)
2026-04-27 10:28:54 [阶段 1] 黄浦 区进度：stage=prepare_filters, page=0, collected=0, status=running
2026-04-27 10:29:04 [阶段 1] 黄浦 区进度：stage=sorting, page=0, collected=0, status=running
2026-04-27 10:29:09 [阶段 1] 黄浦 区进度：stage=next_page, page=1, collected=30, status=running
2026-04-27 10:29:14 [阶段 1] 黄浦 区进度：stage=next_page, page=2, collected=60, status=running
2026-04-27 10:29:19 [阶段 1] 黄浦 区进度：stage=next_page, page=3, collected=90, status=running
2026-04-27 10:29:24 [阶段 1] 黄浦 区进度：stage=next_page, page=4, collected=120, status=running
2026-04-27 10:29:29 [阶段 1] 黄浦 区进度：stage=next_page, page=6, collected=180, status=running
2026-04-27 10:29:34 [阶段 1] 黄浦 区进度：stage=next_page, page=7, collected=210, status=running
2026-04-27 10:29:39 [阶段 1] 黄浦 区进度：stage=next_page, page=8, collected=223, status=running
2026-04-27 10:29:44 [阶段 1] 黄浦 区进度：stage=next_page, page=10, collected=225, status=running
2026-04-27 10:29:49 [阶段 1] 黄浦 区进度：stage=finished, page=11, collected=225, status=done
2026-04-27 10:29:49 [阶段 1] 黄浦 区完成：保留 225 套（原始 225 套），页数 11, 停止原因 no_matching_rows, 耗时 1.0分钟
2026-04-27 10:29:51 [阶段 1] 重新加载页面，准备抓取徐汇区 (5/10)
2026-04-27 10:29:55 [阶段 1] JavaScript 收集器已重置
2026-04-27 10:29:55 [阶段 1] 开始处理 徐汇 区 (5/10)
2026-04-27 10:29:55 [阶段 1] 徐汇 区进度：stage=prepare_filters, page=0, collected=0, status=running
2026-04-27 10:30:05 [阶段 1] 徐汇 区进度：stage=sorting, page=0, collected=0, status=running
2026-04-27 10:30:15 [阶段 1] 徐汇 区进度：stage=next_page, page=1, collected=30, status=running
2026-04-27 10:30:20 [阶段 1] 徐汇 区进度：stage=next_page, page=2, collected=60, status=running
2026-04-27 10:30:25 [阶段 1] 徐汇 区进度：stage=next_page, page=3, collected=89, status=running
2026-04-27 10:30:30 [阶段 1] 徐汇 区进度：stage=next_page, page=4, collected=119, status=running
2026-04-27 10:30:35 [阶段 1] 徐汇 区进度：stage=next_page, page=6, collected=179, status=running
2026-04-27 10:30:40 [阶段 1] 徐汇 区进度：stage=next_page, page=7, collected=209, status=running
2026-04-27 10:30:45 [阶段 1] 徐汇 区进度：stage=next_page, page=8, collected=238, status=running
2026-04-27 10:30:50 [阶段 1] 徐汇 区进度：stage=next_page, page=9, collected=268, status=running
2026-04-27 10:30:55 [阶段 1] 徐汇 区进度：stage=next_page, page=10, collected=283, status=running
2026-04-27 10:33:30 [阶段 1] 徐汇 区进度：stage=finished, page=11, collected=283, status=done
2026-04-27 10:33:30 [阶段 1] 徐汇 区完成：保留 283 套（原始 283 套），页数 11, 停止原因 no_matching_rows, 耗时 3.7分钟
2026-04-27 10:33:32 [阶段 1] 重新加载页面，准备抓取普陀区 (6/10)
2026-04-27 10:33:39 [阶段 1] JavaScript 收集器已重置
2026-04-27 10:33:39 [阶段 1] 开始处理 普陀 区 (6/10)
2026-04-27 10:33:39 [阶段 1] 普陀 区进度：stage=prepare_filters, page=0, collected=0, status=running
2026-04-27 10:33:49 [阶段 1] 普陀 区进度：stage=sorting, page=0, collected=0, status=running
2026-04-27 10:33:54 [阶段 1] 普陀 区进度：stage=next_page, page=1, collected=30, status=running
2026-04-27 10:33:59 [阶段 1] 普陀 区进度：stage=next_page, page=2, collected=60, status=running
2026-04-27 10:34:04 [阶段 1] 普陀 区进度：stage=next_page, page=3, collected=90, status=running
2026-04-27 10:34:09 [阶段 1] 普陀 区进度：stage=next_page, page=4, collected=120, status=running
2026-04-27 10:34:14 [阶段 1] 普陀 区进度：stage=next_page, page=6, collected=180, status=running
2026-04-27 10:34:19 [阶段 1] 普陀 区进度：stage=next_page, page=7, collected=210, status=running
2026-04-27 10:34:24 [阶段 1] 普陀 区进度：stage=next_page, page=8, collected=240, status=running
2026-04-27 10:34:29 [阶段 1] 普陀 区进度：stage=next_page, page=9, collected=268, status=running
2026-04-27 10:34:34 [阶段 1] 普陀 区进度：stage=next_page, page=10, collected=270, status=running
2026-04-27 10:35:29 [阶段 1] 普陀 区进度：stage=next_page, page=11, collected=273, status=running
2026-04-27 10:38:29 [阶段 1] 普陀 区进度：stage=next_page, page=12, collected=274, status=running
2026-04-27 10:41:30 [阶段 1] 普陀 区进度：stage=next_page, page=13, collected=277, status=running
2026-04-27 10:44:30 [阶段 1] 普陀 区进度：stage=next_page, page=14, collected=280, status=running
2026-04-27 10:47:30 [阶段 1] 普陀 区进度：stage=finished, page=15, collected=280, status=done
2026-04-27 10:47:30 [阶段 1] 普陀 区完成：保留 280 套（原始 280 套），页数 15, 停止原因 no_matching_rows, 耗时 14.0分钟
2026-04-27 10:47:32 [阶段 1] 重新加载页面，准备抓取闵行区 (7/10)
2026-04-27 10:47:36 [阶段 1] JavaScript 收集器已重置
2026-04-27 10:47:36 [阶段 1] 开始处理 闵行 区 (7/10)
2026-04-27 10:47:36 [阶段 1] 闵行 区进度：stage=prepare_filters, page=0, collected=0, status=running
2026-04-27 10:47:46 [阶段 1] 闵行 区进度：stage=sorting, page=0, collected=0, status=running
2026-04-27 10:47:51 [阶段 1] 闵行 区进度：stage=next_page, page=1, collected=29, status=running
2026-04-27 10:47:56 [阶段 1] 闵行 区进度：stage=next_page, page=2, collected=59, status=running
2026-04-27 10:48:01 [阶段 1] 闵行 区进度：stage=next_page, page=3, collected=89, status=running
2026-04-27 10:48:06 [阶段 1] 闵行 区进度：stage=next_page, page=4, collected=118, status=running
2026-04-27 10:50:31 [阶段 1] 闵行 区进度：stage=error, page=4, collected=118, status=error
2026-04-27 10:50:31 [阶段 1] WARNING: 闵行 区出错：Error: next_page_timeout:闵行:page=4
    at Object.processDistrict (eval at executeScript (:1:1), <anonymous>:558:27)
    at async eval (eval at executeScript (:1:1), <anonymous>:71:32) (耗时 3.0分钟)
2026-04-27 10:50:31 [阶段 1] 重试 闵行 区 (1/2)...
2026-04-27 10:50:46 [阶段 1] JavaScript 收集器已重置
2026-04-27 10:50:46 [阶段 1] 闵行 区进度：stage=prepare_filters, page=0, collected=0, status=running
2026-04-27 10:51:01 [阶段 1] 闵行 区进度：stage=sorting, page=0, collected=0, status=running
2026-04-27 10:51:06 [阶段 1] 闵行 区进度：stage=next_page, page=2, collected=59, status=running
2026-04-27 10:51:11 [阶段 1] 闵行 区进度：stage=next_page, page=3, collected=89, status=running
2026-04-27 10:51:16 [阶段 1] 闵行 区进度：stage=next_page, page=4, collected=118, status=running
2026-04-27 10:51:21 [阶段 1] 闵行 区进度：stage=next_page, page=5, collected=148, status=running
2026-04-27 10:51:26 [阶段 1] 闵行 区进度：stage=next_page, page=7, collected=208, status=running
2026-04-27 10:51:31 [阶段 1] 闵行 区进度：stage=next_page, page=8, collected=238, status=running
2026-04-27 10:51:36 [阶段 1] 闵行 区进度：stage=next_page, page=9, collected=268, status=running
2026-04-27 10:51:41 [阶段 1] 闵行 区进度：stage=next_page, page=10, collected=298, status=running
2026-04-27 10:52:31 [阶段 1] 闵行 区进度：stage=next_page, page=11, collected=328, status=running
2026-04-27 10:55:32 [阶段 1] 闵行 区进度：stage=next_page, page=12, collected=337, status=running
2026-04-27 10:58:32 [阶段 1] 闵行 区进度：stage=next_page, page=13, collected=338, status=running
2026-04-27 11:01:32 [阶段 1] 闵行 区进度：stage=next_page, page=14, collected=339, status=running
2026-04-27 11:04:32 [阶段 1] 闵行 区进度：stage=next_page, page=15, collected=342, status=running
2026-04-27 11:07:33 [阶段 1] 闵行 区进度：stage=finished, page=16, collected=342, status=done
2026-04-27 11:07:33 [阶段 1] 闵行 区重试成功：保留 342 套（原始 342 套），页数 16, 停止原因 no_matching_rows
2026-04-27 11:07:33 [阶段 1] 重新加载页面，准备抓取虹口区 (8/10)
2026-04-27 11:07:37 [阶段 1] JavaScript 收集器已重置
2026-04-27 11:07:37 [阶段 1] 开始处理 虹口 区 (8/10)
2026-04-27 11:07:37 [阶段 1] 虹口 区进度：stage=prepare_filters, page=0, collected=0, status=running
2026-04-27 11:07:47 [阶段 1] 虹口 区进度：stage=sorting, page=0, collected=0, status=running
2026-04-27 11:07:52 [阶段 1] 虹口 区进度：stage=next_page, page=1, collected=30, status=running
2026-04-27 11:07:57 [阶段 1] 虹口 区进度：stage=next_page, page=2, collected=60, status=running
2026-04-27 11:08:02 [阶段 1] 虹口 区进度：stage=next_page, page=3, collected=90, status=running
2026-04-27 11:08:07 [阶段 1] 虹口 区进度：stage=next_page, page=4, collected=114, status=running
2026-04-27 11:08:12 [阶段 1] 虹口 区进度：stage=next_page, page=6, collected=116, status=running
2026-04-27 11:08:17 [阶段 1] 虹口 区进度：stage=next_page, page=7, collected=117, status=running
2026-04-27 11:08:22 [阶段 1] 虹口 区进度：stage=next_page, page=8, collected=119, status=running
2026-04-27 11:08:27 [阶段 1] 虹口 区进度：stage=finished, page=9, collected=119, status=done
2026-04-27 11:08:27 [阶段 1] 虹口 区完成：保留 119 套（原始 119 套），页数 9, 停止原因 no_matching_rows, 耗时 0.9分钟
2026-04-27 11:08:29 [阶段 1] 重新加载页面，准备抓取杨浦区 (9/10)
2026-04-27 11:08:33 [阶段 1] JavaScript 收集器已重置
2026-04-27 11:08:33 [阶段 1] 开始处理 杨浦 区 (9/10)
2026-04-27 11:08:33 [阶段 1] 杨浦 区进度：stage=prepare_filters, page=0, collected=0, status=running
2026-04-27 11:08:43 [阶段 1] 杨浦 区进度：stage=sorting, page=0, collected=0, status=running
2026-04-27 11:08:48 [阶段 1] 杨浦 区进度：stage=next_page, page=1, collected=30, status=running
2026-04-27 11:08:53 [阶段 1] 杨浦 区进度：stage=next_page, page=2, collected=60, status=running
2026-04-27 11:08:58 [阶段 1] 杨浦 区进度：stage=next_page, page=3, collected=90, status=running
2026-04-27 11:09:03 [阶段 1] 杨浦 区进度：stage=next_page, page=4, collected=120, status=running
2026-04-27 11:09:08 [阶段 1] 杨浦 区进度：stage=next_page, page=6, collected=180, status=running
2026-04-27 11:09:13 [阶段 1] 杨浦 区进度：stage=next_page, page=7, collected=184, status=running
2026-04-27 11:09:18 [阶段 1] 杨浦 区进度：stage=next_page, page=8, collected=185, status=running
2026-04-27 11:09:23 [阶段 1] 杨浦 区进度：stage=next_page, page=10, collected=188, status=running
2026-04-27 11:09:28 [阶段 1] 杨浦 区进度：stage=next_page, page=11, collected=189, status=running
2026-04-27 11:10:33 [阶段 1] 杨浦 区进度：stage=finished, page=12, collected=189, status=done
2026-04-27 11:10:33 [阶段 1] 杨浦 区完成：保留 189 套（原始 189 套），页数 12, 停止原因 no_matching_rows, 耗时 2.1分钟
2026-04-27 11:10:34 [阶段 1] 重新加载页面，准备抓取嘉定区 (10/10)
2026-04-27 11:10:39 [阶段 1] JavaScript 收集器已重置
2026-04-27 11:10:39 [阶段 1] 开始处理 嘉定 区 (10/10)
2026-04-27 11:10:39 [阶段 1] 嘉定 区进度：stage=prepare_filters, page=0, collected=0, status=running
2026-04-27 11:10:49 [阶段 1] 嘉定 区进度：stage=sorting, page=0, collected=0, status=running
2026-04-27 11:10:54 [阶段 1] 嘉定 区进度：stage=next_page, page=1, collected=30, status=running
2026-04-27 11:10:59 [阶段 1] 嘉定 区进度：stage=next_page, page=2, collected=41, status=running
2026-04-27 11:11:04 [阶段 1] 嘉定 区进度：stage=next_page, page=3, collected=43, status=running
2026-04-27 11:11:09 [阶段 1] 嘉定 区进度：stage=next_page, page=5, collected=45, status=running
2026-04-27 11:11:14 [阶段 1] 嘉定 区进度：stage=finished, page=6, collected=45, status=done
2026-04-27 11:11:14 [阶段 1] 嘉定 区完成：保留 45 套（原始 45 套），页数 6, 停止原因 no_matching_rows, 耗时 0.7分钟
2026-04-27 11:11:15 [阶段 1] ============================================================
2026-04-27 11:11:15 [阶段 1] 抓取完成，共 2789 套房源
2026-04-27 11:11:15 [阶段 1] 总耗时：51.1分钟
2026-04-27 11:11:15 [阶段 1] 平均总价：1104.8 万
2026-04-27 11:11:15 [阶段 1] 平均房源分：7.10
2026-04-27 11:11:15 [阶段 2] 开始数据校验
2026-04-27 11:11:15 [阶段 2] OK: 校验通过（2789 条）
2026-04-27 11:11:15 [阶段 3] 开始保存数据
2026-04-27 11:11:16 [阶段 3] OK: 成功保存 2789 条数据
2026-04-27 11:11:16 [完成] ============================================================
2026-04-27 11:11:16 [完成] 抓取完成，总计 2789 套房源
2026-04-27 11:11:16 [完成] 数据文件：C:\Users\Huawei\.openclaw\workspace\tools\_house_grab_runtime\data.json
2026-04-27 11:11:18 [控制] 阶段 1 抓取（总控重试 2/2） 返回码：0，耗时 3067.7 秒
2026-04-27 11:11:18 [控制] 执行 阶段 2 验证（总控重试 1/1）：第 1/1 次
2026-04-27 11:11:18 [控制] 执行 阶段 2 验证：第 1/1 次
2026-04-27 11:11:18 [阶段 2] ==================================================
2026-04-27 11:11:18 [阶段 2] 开始数据校验
2026-04-27 11:11:18 [阶段 2] 校验通过，共 2789 条
2026-04-27 11:11:18 [控制] 阶段 2 验证 返回码：0，耗时 0.2 秒
2026-04-27 11:11:19 [控制] 进度报告已发送
2026-04-27 11:11:19 [控制] 检查目标 Excel 文件占用：daily_followup.xlsm
2026-04-27 11:11:25 [控制] 执行 阶段 3 写入 Excel：第 1/1 次
2026-04-27 11:11:25 [阶段 3] 写入尝试 1/2
2026-04-27 11:11:25 [阶段 3] 开始离线写入 Excel（使用 win32com，保留宏）
2026-04-27 11:11:25 [阶段 3] 读取到 2789 套房源
2026-04-27 11:11:25 [阶段 3] 🔧 清理可能残留的 Excel 进程...
2026-04-27 11:11:27 [阶段 3] 已备份工作簿：daily_followup.stage3_backup.20260427_111127.xlsm
2026-04-27 11:11:27 [阶段 3] 创建 Excel 实例...
2026-04-27 11:11:29 [阶段 3] 打开工作簿：D:\Unique work form\daily_followup.xlsm
2026-04-27 11:11:38 [阶段 3] 目标工作表：房      源
2026-04-27 11:11:38 [阶段 3] 加载房龄库...
2026-04-27 11:12:11 [阶段 3] 房龄库加载完成：3971 条记录
2026-04-27 11:12:11 [阶段 3] 房龄自动匹配：2640/2789 套
2026-04-27 11:12:11 [阶段 3] 清空旧数据区域：第 4 行到第 9333 行
2026-04-27 11:12:11 [阶段 3] 开始写入新数据...
2026-04-27 11:12:11 [阶段 3] 表头已存在（行政区），跳过表头写入
2026-04-27 11:12:11 [阶段 3] 批量构建写入数据...
2026-04-27 11:12:11 [阶段 3] 批量写入数据到 Excel...
2026-04-27 11:12:12 [阶段 3] 已写入 2789/2789 行
2026-04-27 11:12:12 [阶段 3] 设置筛选范围：A3:N2792
2026-04-27 11:12:12 [阶段 3] 保存工作簿...
2026-04-27 11:12:16 [阶段 3] 数据写入完成，文件已保存
2026-04-27 11:12:16 [阶段 3] 关闭 Excel...
2026-04-27 11:12:16 [阶段 3] ✅ Excel 已正常关闭
2026-04-27 11:12:16 [阶段 3] 保存后校验到 2789 行数据
2026-04-27 11:12:16 [阶段 3] 已跳过宏：区域房龄刷新（该宏会截断房源行数）
2026-04-27 11:12:16 [阶段 3] 🔧 最终清理：强制释放所有 Excel 进程...
2026-04-27 11:12:17 [阶段 3] ✅ 清理完成
2026-04-27 11:12:17 [阶段 3] 写入完成，共 2789 套
2026-04-27 11:12:17 [控制] 阶段 3 写入 Excel 返回码：0，耗时 52.2 秒
2026-04-27 11:12:18 [控制] 刷新团团助手缓存
2026-04-27 11:12:49 [控制] OK: 缓存刷新完成
2026-04-27 11:12:49 [控制] 打开 Excel 并定位到房源表...
2026-04-27 11:13:04 [控制] OK: Excel 已打开并定位到房源表
2026-04-27 11:13:05 [控制] 进度报告已发送
2026-04-27 11:13:07 [控制] Telegram 通知已发送
2026-04-29 17:49:37 [控制] 检查并清理旧进程...
2026-04-29 17:49:37 [控制] 清理旧进程：无旧进程
2026-04-29 17:49:39 [控制] 房源抓取任务启动
2026-04-29 17:49:41 [控制] 执行 阶段 1 抓取（总控重试 1/2）：第 1/1 次
2026-04-29 17:49:41 [阶段 1] ============================================================
2026-04-29 17:49:41 [阶段 1] 开始房源抓取（页面内执行同源 JS 逻辑）
2026-04-29 17:49:41 [阶段 1] 目标 URL: https://house.link.lianjia.com/search/sale/default/gdiv_mt
2026-04-29 17:49:41 [阶段 1] 价格要求：700-10000 万
2026-04-29 17:49:41 [阶段 1] 筛选规则：房源分 >= 6.0 或最近 3 天/小时内
2026-04-29 17:49:41 [阶段 1] 抓取区顺序：浦东、长宁、静安、黄浦、徐汇、普陀、闵行、虹口、杨浦、嘉定
2026-04-29 17:49:41 [阶段 1] 超时保护：整体90分钟，单区15分钟
2026-04-29 17:49:43 [阶段 1] 未检测到调试 Chrome，准备自动启动专用调试窗口
2026-04-29 17:49:46 [阶段 1] 调试启动输出：Starting Chrome with debugger...
Waiting for Chrome debugger port...
DEBUG_PORT_READY:9222
Chrome started successfully on port 9222
2026-04-29 17:49:46 [阶段 1] OK: 调试 Chrome 已启动，复用工作区 ChromeDebugProfile
2026-04-29 17:49:46 [阶段 1] 提示：浏览器窗口已打开，请勿手动关闭
2026-04-29 17:49:46 [阶段 1] 连接 Chrome...
2026-04-29 17:49:46 [阶段 1] 尝试连接 Chrome 调试端口 (尝试 1/3)...
2026-04-29 17:50:03 [阶段 1] Chrome 连接成功
2026-04-29 17:50:03 [阶段 1] OK: Chrome 连接成功
2026-04-29 17:50:03 [阶段 1] 初始化页面（仅加载一次）...
2026-04-29 17:50:03 [阶段 1] 打开页面：https://house.link.lianjia.com/search/sale/default/gdiv_mt
2026-04-29 17:50:05 [阶段 1] 检测到登录页，等待你在专用调试窗口完成扫码登录...
2026-04-29 17:50:40 [阶段 1] Telegram 登录提醒已发送
2026-04-29 17:52:06 [阶段 1] ERROR: 页面在 120 秒内未进入可抓取状态
2026-04-29 17:52:06 [阶段 1] 提示：请在专用调试窗口完成登录后重试
2026-04-29 17:52:09 [控制] 阶段 1 抓取（总控重试 1/2） 返回码：1，耗时 148.0 秒
2026-04-29 17:52:09 [控制] 阶段 1 抓取（总控重试 1/2） 失败，10 秒后整轮重抓
2026-04-29 17:52:19 [控制] 执行 阶段 1 抓取（总控重试 2/2）：第 1/1 次
2026-04-29 17:52:19 [阶段 1] ============================================================
2026-04-29 17:52:19 [阶段 1] 开始房源抓取（页面内执行同源 JS 逻辑）
2026-04-29 17:52:19 [阶段 1] 目标 URL: https://house.link.lianjia.com/search/sale/default/gdiv_mt
2026-04-29 17:52:19 [阶段 1] 价格要求：700-10000 万
2026-04-29 17:52:19 [阶段 1] 筛选规则：房源分 >= 6.0 或最近 3 天/小时内
2026-04-29 17:52:19 [阶段 1] 抓取区顺序：浦东、长宁、静安、黄浦、徐汇、普陀、闵行、虹口、杨浦、嘉定
2026-04-29 17:52:19 [阶段 1] 超时保护：整体90分钟，单区15分钟
2026-04-29 17:52:19 [阶段 1] 连接 Chrome...
2026-04-29 17:52:19 [阶段 1] 尝试连接 Chrome 调试端口 (尝试 1/3)...
2026-04-29 17:52:20 [阶段 1] Chrome 连接成功
2026-04-29 17:52:20 [阶段 1] OK: Chrome 连接成功
2026-04-29 17:52:20 [阶段 1] 初始化页面（仅加载一次）...
2026-04-29 17:52:20 [阶段 1] 打开页面：https://house.link.lianjia.com/search/sale/default/gdiv_mt
2026-04-29 17:52:23 [阶段 1] 检测到登录页，等待你在专用调试窗口完成扫码登录...
2026-04-29 17:52:58 [阶段 1] Telegram 登录提醒已发送
2026-04-29 17:53:32 [阶段 1] 页面就绪，开始逐区抓取
2026-04-29 17:53:32 [阶段 1] 重新加载页面，准备抓取浦东区 (1/10)
2026-04-29 17:53:37 [阶段 1] JavaScript 收集器已重置
2026-04-29 17:53:37 [阶段 1] 开始处理 浦东 区 (1/10)
2026-04-29 17:53:37 [阶段 1] 浦东 区进度：stage=prepare_filters, page=0, collected=0, status=running
2026-04-29 17:53:47 [阶段 1] 浦东 区进度：stage=sorting, page=0, collected=0, status=running
2026-04-29 17:53:52 [阶段 1] 浦东 区进度：stage=next_page, page=2, collected=60, status=running
2026-04-29 17:53:57 [阶段 1] 浦东 区进度：stage=next_page, page=4, collected=120, status=running
2026-04-29 17:54:02 [阶段 1] 浦东 区进度：stage=next_page, page=6, collected=179, status=running
2026-04-29 17:54:08 [阶段 1] 浦东 区进度：stage=next_page, page=8, collected=239, status=running
2026-04-29 17:54:13 [阶段 1] 浦东 区进度：stage=next_page, page=10, collected=299, status=running
2026-04-29 17:54:18 [阶段 1] 浦东 区进度：stage=next_page, page=12, collected=359, status=running
2026-04-29 17:54:23 [阶段 1] 浦东 区进度：stage=next_page, page=14, collected=419, status=running
2026-04-29 17:54:28 [阶段 1] 浦东 区进度：stage=next_page, page=16, collected=479, status=running
2026-04-29 17:54:33 [阶段 1] 浦东 区进度：stage=next_page, page=18, collected=539, status=running
2026-04-29 17:54:38 [阶段 1] 浦东 区进度：stage=next_page, page=20, collected=599, status=running
2026-04-29 17:54:43 [阶段 1] 浦东 区进度：stage=next_page, page=21, collected=629, status=running
2026-04-29 17:54:48 [阶段 1] 浦东 区进度：stage=next_page, page=23, collected=689, status=running
2026-04-29 17:54:53 [阶段 1] 浦东 区进度：stage=next_page, page=25, collected=749, status=running
2026-04-29 17:54:58 [阶段 1] 浦东 区进度：stage=next_page, page=27, collected=782, status=running
2026-04-29 17:55:03 [阶段 1] 浦东 区进度：stage=finished, page=28, collected=782, status=done
2026-04-29 17:55:03 [阶段 1] 浦东 区完成：保留 782 套（原始 782 套），页数 28, 停止原因 no_matching_rows, 耗时 1.5分钟
2026-04-29 17:55:05 [阶段 1] 重新加载页面，准备抓取长宁区 (2/10)
2026-04-29 17:55:10 [阶段 1] JavaScript 收集器已重置
2026-04-29 17:55:10 [阶段 1] 开始处理 长宁 区 (2/10)
2026-04-29 17:55:10 [阶段 1] 长宁 区进度：stage=prepare_filters, page=0, collected=0, status=running
2026-04-29 17:55:20 [阶段 1] 长宁 区进度：stage=sorting, page=0, collected=0, status=running
2026-04-29 17:55:25 [阶段 1] 长宁 区进度：stage=next_page, page=1, collected=30, status=running
2026-04-29 17:55:30 [阶段 1] 长宁 区进度：stage=next_page, page=2, collected=60, status=running
2026-04-29 17:55:35 [阶段 1] 长宁 区进度：stage=next_page, page=4, collected=120, status=running
2026-04-29 17:55:40 [阶段 1] 长宁 区进度：stage=next_page, page=5, collected=150, status=running
2026-04-29 17:55:45 [阶段 1] 长宁 区进度：stage=next_page, page=6, collected=180, status=running
2026-04-29 17:55:50 [阶段 1] 长宁 区进度：stage=next_page, page=7, collected=210, status=running
2026-04-29 17:55:55 [阶段 1] 长宁 区进度：stage=next_page, page=8, collected=239, status=running
2026-04-29 17:56:00 [阶段 1] 长宁 区进度：stage=finished, page=10, collected=246, status=done
2026-04-29 17:56:00 [阶段 1] 长宁 区完成：保留 246 套（原始 246 套），页数 10, 停止原因 no_matching_rows, 耗时 0.9分钟
2026-04-29 17:56:01 [阶段 1] 重新加载页面，准备抓取静安区 (3/10)
2026-04-29 17:56:06 [阶段 1] JavaScript 收集器已重置
2026-04-29 17:56:06 [阶段 1] 开始处理 静安 区 (3/10)
2026-04-29 17:56:06 [阶段 1] 静安 区进度：stage=prepare_filters, page=0, collected=0, status=running
2026-04-29 17:56:21 [阶段 1] 静安 区进度：stage=sorting, page=0, collected=0, status=running
2026-04-29 17:56:26 [阶段 1] 静安 区进度：stage=next_page, page=2, collected=60, status=running
2026-04-29 17:56:31 [阶段 1] 静安 区进度：stage=next_page, page=3, collected=90, status=running
2026-04-29 17:56:36 [阶段 1] 静安 区进度：stage=next_page, page=4, collected=119, status=running
2026-04-29 17:56:41 [阶段 1] 静安 区进度：stage=next_page, page=5, collected=147, status=running
2026-04-29 17:56:46 [阶段 1] 静安 区进度：stage=next_page, page=7, collected=207, status=running
2026-04-29 17:56:51 [阶段 1] 静安 区进度：stage=next_page, page=8, collected=237, status=running
2026-04-29 17:56:56 [阶段 1] 静安 区进度：stage=next_page, page=9, collected=267, status=running
2026-04-29 17:57:01 [阶段 1] 静安 区进度：stage=next_page, page=10, collected=297, status=running
2026-04-29 17:57:06 [阶段 1] 静安 区进度：stage=finished, page=11, collected=297, status=done
2026-04-29 17:57:06 [阶段 1] 静安 区完成：保留 297 套（原始 297 套），页数 11, 停止原因 no_matching_rows, 耗时 1.1分钟
2026-04-29 17:57:07 [阶段 1] 重新加载页面，准备抓取黄浦区 (4/10)
2026-04-29 17:57:12 [阶段 1] JavaScript 收集器已重置
2026-04-29 17:57:12 [阶段 1] 开始处理 黄浦 区 (4/10)
2026-04-29 17:57:12 [阶段 1] 黄浦 区进度：stage=prepare_filters, page=0, collected=0, status=running
2026-04-29 17:57:22 [阶段 1] 黄浦 区进度：stage=sorting, page=0, collected=0, status=running
2026-04-29 17:57:27 [阶段 1] 黄浦 区进度：stage=next_page, page=1, collected=30, status=running
2026-04-29 17:57:32 [阶段 1] 黄浦 区进度：stage=next_page, page=2, collected=60, status=running
2026-04-29 17:57:37 [阶段 1] 黄浦 区进度：stage=next_page, page=3, collected=90, status=running
2026-04-29 17:57:42 [阶段 1] 黄浦 区进度：stage=next_page, page=5, collected=150, status=running
2026-04-29 17:57:47 [阶段 1] 黄浦 区进度：stage=next_page, page=6, collected=180, status=running
2026-04-29 17:57:52 [阶段 1] 黄浦 区进度：stage=next_page, page=7, collected=210, status=running
2026-04-29 17:57:57 [阶段 1] 黄浦 区进度：stage=next_page, page=8, collected=225, status=running
2026-04-29 17:58:02 [阶段 1] 黄浦 区进度：stage=finished, page=9, collected=225, status=done
2026-04-29 17:58:02 [阶段 1] 黄浦 区完成：保留 225 套（原始 225 套），页数 9, 停止原因 no_matching_rows, 耗时 0.9分钟
2026-04-29 17:58:04 [阶段 1] 重新加载页面，准备抓取徐汇区 (5/10)
2026-04-29 17:58:08 [阶段 1] JavaScript 收集器已重置
2026-04-29 17:58:08 [阶段 1] 开始处理 徐汇 区 (5/10)
2026-04-29 17:58:08 [阶段 1] 徐汇 区进度：stage=prepare_filters, page=0, collected=0, status=running
2026-04-29 17:58:18 [阶段 1] 徐汇 区进度：stage=sorting, page=0, collected=0, status=running
2026-04-29 17:58:23 [阶段 1] 徐汇 区进度：stage=next_page, page=1, collected=30, status=running
2026-04-29 17:58:28 [阶段 1] 徐汇 区进度：stage=next_page, page=2, collected=60, status=running
2026-04-29 17:58:33 [阶段 1] 徐汇 区进度：stage=next_page, page=3, collected=89, status=running
2026-04-29 17:58:38 [阶段 1] 徐汇 区进度：stage=next_page, page=4, collected=119, status=running
2026-04-29 17:58:43 [阶段 1] 徐汇 区进度：stage=next_page, page=6, collected=179, status=running
2026-04-29 17:58:48 [阶段 1] 徐汇 区进度：stage=next_page, page=7, collected=209, status=running
2026-04-29 17:58:53 [阶段 1] 徐汇 区进度：stage=next_page, page=8, collected=238, status=running
2026-04-29 17:58:58 [阶段 1] 徐汇 区进度：stage=next_page, page=9, collected=268, status=running
2026-04-29 17:59:03 [阶段 1] 徐汇 区进度：stage=next_page, page=11, collected=301, status=running
2026-04-29 18:01:29 [阶段 1] 徐汇 区进度：stage=finished, page=12, collected=301, status=done
2026-04-29 18:01:29 [阶段 1] 徐汇 区完成：保留 301 套（原始 301 套），页数 12, 停止原因 no_matching_rows, 耗时 3.4分钟
2026-04-29 18:01:30 [阶段 1] 重新加载页面，准备抓取普陀区 (6/10)
2026-04-29 18:01:35 [阶段 1] JavaScript 收集器已重置
2026-04-29 18:01:35 [阶段 1] 开始处理 普陀 区 (6/10)
2026-04-29 18:01:35 [阶段 1] 普陀 区进度：stage=prepare_filters, page=0, collected=0, status=running
2026-04-29 18:09:49 [控制] 检查并清理旧进程...
2026-04-29 18:09:50 [控制] 清理旧进程：无旧进程
2026-04-29 18:09:50 [控制] 清理旧锁文件
2026-04-29 18:09:52 [控制] 房源抓取任务启动
2026-04-29 18:09:53 [控制] 执行 阶段 1 抓取（总控重试 1/2）：第 1/1 次
2026-04-29 18:09:54 [阶段 1] ============================================================
2026-04-29 18:09:54 [阶段 1] 开始房源抓取（页面内执行同源 JS 逻辑）
2026-04-29 18:09:54 [阶段 1] 目标 URL: https://house.link.lianjia.com/search/sale/default/gdiv_mt
2026-04-29 18:09:54 [阶段 1] 价格要求：700-10000 万
2026-04-29 18:09:54 [阶段 1] 筛选规则：房源分 >= 6.0 或最近 3 天/小时内
2026-04-29 18:09:54 [阶段 1] 抓取区顺序：浦东、长宁、静安、黄浦、徐汇、普陀、闵行、虹口、杨浦、嘉定
2026-04-29 18:09:54 [阶段 1] 超时保护：整体90分钟，单区15分钟
2026-04-29 18:09:54 [阶段 1] 连接 Chrome...
2026-04-29 18:09:54 [阶段 1] 尝试连接 Chrome 调试端口 (尝试 1/3)...
2026-04-29 18:09:55 [阶段 1] Chrome 连接成功
2026-04-29 18:09:55 [阶段 1] OK: Chrome 连接成功
2026-04-29 18:09:55 [阶段 1] 初始化页面（仅加载一次）...
2026-04-29 18:09:55 [阶段 1] 打开页面：https://house.link.lianjia.com/search/sale/default/gdiv_mt
2026-04-29 18:09:56 [阶段 1] 页面就绪，开始逐区抓取
2026-04-29 18:09:56 [阶段 1] 重新加载页面，准备抓取浦东区 (1/10)
2026-04-29 18:10:01 [阶段 1] JavaScript 收集器已重置
2026-04-29 18:10:01 [阶段 1] 开始处理 浦东 区 (1/10)
2026-04-29 18:10:01 [阶段 1] 浦东 区进度：stage=prepare_filters, page=0, collected=0, status=running
2026-04-29 18:10:11 [阶段 1] 浦东 区进度：stage=sorting, page=0, collected=0, status=running
2026-04-29 18:10:21 [阶段 1] 浦东 区进度：stage=next_page, page=2, collected=60, status=running
2026-04-29 18:10:26 [阶段 1] 浦东 区进度：stage=next_page, page=3, collected=90, status=running
2026-04-29 18:10:31 [阶段 1] 浦东 区进度：stage=next_page, page=4, collected=120, status=running
2026-04-29 18:10:36 [阶段 1] 浦东 区进度：stage=next_page, page=5, collected=149, status=running
2026-04-29 18:10:41 [阶段 1] 浦东 区进度：stage=next_page, page=7, collected=209, status=running
2026-04-29 18:10:46 [阶段 1] 浦东 区进度：stage=next_page, page=8, collected=239, status=running
2026-04-29 18:10:51 [阶段 1] 浦东 区进度：stage=next_page, page=9, collected=269, status=running
2026-04-29 18:10:56 [阶段 1] 浦东 区进度：stage=next_page, page=10, collected=299, status=running
2026-04-29 18:11:01 [阶段 1] 浦东 区进度：stage=next_page, page=11, collected=329, status=running
2026-04-29 18:11:36 [阶段 1] 浦东 区进度：stage=next_page, page=13, collected=389, status=running
2026-04-29 18:11:41 [阶段 1] 浦东 区进度：stage=next_page, page=15, collected=449, status=running
2026-04-29 18:11:46 [阶段 1] 浦东 区进度：stage=next_page, page=17, collected=509, status=running
2026-04-29 18:11:51 [阶段 1] 浦东 区进度：stage=next_page, page=19, collected=569, status=running
2026-04-29 18:11:56 [阶段 1] 浦东 区进度：stage=next_page, page=21, collected=629, status=running
2026-04-29 18:12:01 [阶段 1] 浦东 区进度：stage=next_page, page=23, collected=689, status=running
2026-04-29 18:12:06 [阶段 1] 浦东 区进度：stage=next_page, page=25, collected=749, status=running
2026-04-29 18:12:11 [阶段 1] 浦东 区进度：stage=next_page, page=27, collected=782, status=running
2026-04-29 18:12:16 [阶段 1] 浦东 区进度：stage=finished, page=28, collected=782, status=done
2026-04-29 18:12:16 [阶段 1] 浦东 区完成：保留 782 套（原始 782 套），页数 28, 停止原因 no_matching_rows, 耗时 2.3分钟
2026-04-29 18:12:17 [阶段 1] 重新加载页面，准备抓取长宁区 (2/10)
2026-04-29 18:12:23 [阶段 1] JavaScript 收集器已重置
2026-04-29 18:12:23 [阶段 1] 开始处理 长宁 区 (2/10)
2026-04-29 18:12:23 [阶段 1] 长宁 区进度：stage=prepare_filters, page=0, collected=0, status=running
2026-04-29 18:12:33 [阶段 1] 长宁 区进度：stage=sorting, page=0, collected=0, status=running
2026-04-29 18:12:38 [阶段 1] 长宁 区进度：stage=next_page, page=2, collected=60, status=running
2026-04-29 18:12:43 [阶段 1] 长宁 区进度：stage=next_page, page=4, collected=120, status=running
2026-04-29 18:12:48 [阶段 1] 长宁 区进度：stage=next_page, page=6, collected=180, status=running
2026-04-29 18:12:53 [阶段 1] 长宁 区进度：stage=next_page, page=8, collected=239, status=running
2026-04-29 18:12:58 [阶段 1] 长宁 区进度：stage=finished, page=10, collected=246, status=done
2026-04-29 18:12:58 [阶段 1] 长宁 区完成：保留 246 套（原始 246 套），页数 10, 停止原因 no_matching_rows, 耗时 0.7分钟
2026-04-29 18:12:59 [阶段 1] 重新加载页面，准备抓取静安区 (3/10)
2026-04-29 18:13:03 [阶段 1] JavaScript 收集器已重置
2026-04-29 18:13:03 [阶段 1] 开始处理 静安 区 (3/10)
2026-04-29 18:13:03 [阶段 1] 静安 区进度：stage=prepare_filters, page=0, collected=0, status=running
2026-04-29 18:13:13 [阶段 1] 静安 区进度：stage=sorting, page=0, collected=0, status=running
2026-04-29 18:13:18 [阶段 1] 静安 区进度：stage=next_page, page=2, collected=60, status=running
2026-04-29 18:13:23 [阶段 1] 静安 区进度：stage=next_page, page=4, collected=119, status=running
2026-04-29 18:13:28 [阶段 1] 静安 区进度：stage=next_page, page=6, collected=177, status=running
2026-04-29 18:13:34 [阶段 1] 静安 区进度：stage=next_page, page=9, collected=267, status=running
2026-04-29 18:13:39 [阶段 1] 静安 区进度：stage=finished, page=11, collected=297, status=done
2026-04-29 18:13:39 [阶段 1] 静安 区完成：保留 297 套（原始 297 套），页数 11, 停止原因 no_matching_rows, 耗时 0.7分钟
2026-04-29 18:13:40 [阶段 1] 重新加载页面，准备抓取黄浦区 (4/10)
2026-04-29 18:13:44 [阶段 1] JavaScript 收集器已重置
2026-04-29 18:13:44 [阶段 1] 开始处理 黄浦 区 (4/10)
2026-04-29 18:13:44 [阶段 1] 黄浦 区进度：stage=prepare_filters, page=0, collected=0, status=running
2026-04-29 18:13:54 [阶段 1] 黄浦 区进度：stage=sorting, page=0, collected=0, status=running
2026-04-29 18:13:59 [阶段 1] 黄浦 区进度：stage=next_page, page=2, collected=60, status=running
2026-04-29 18:14:04 [阶段 1] 黄浦 区进度：stage=next_page, page=4, collected=120, status=running
2026-04-29 18:14:09 [阶段 1] 黄浦 区进度：stage=next_page, page=6, collected=180, status=running
2026-04-29 18:14:14 [阶段 1] 黄浦 区进度：stage=next_page, page=8, collected=225, status=running
2026-04-29 18:14:19 [阶段 1] 黄浦 区进度：stage=finished, page=9, collected=225, status=done
2026-04-29 18:14:19 [阶段 1] 黄浦 区完成：保留 225 套（原始 225 套），页数 9, 停止原因 no_matching_rows, 耗时 0.7分钟
2026-04-29 18:14:21 [阶段 1] 重新加载页面，准备抓取徐汇区 (5/10)
2026-04-29 18:14:25 [阶段 1] JavaScript 收集器已重置
2026-04-29 18:14:25 [阶段 1] 开始处理 徐汇 区 (5/10)
2026-04-29 18:14:25 [阶段 1] 徐汇 区进度：stage=prepare_filters, page=0, collected=0, status=running
2026-04-29 18:14:35 [阶段 1] 徐汇 区进度：stage=sorting, page=0, collected=0, status=running
2026-04-29 18:14:40 [阶段 1] 徐汇 区进度：stage=next_page, page=2, collected=60, status=running
2026-04-29 18:14:45 [阶段 1] 徐汇 区进度：stage=next_page, page=4, collected=119, status=running
2026-04-29 18:14:50 [阶段 1] 徐汇 区进度：stage=next_page, page=6, collected=179, status=running
2026-04-29 18:14:55 [阶段 1] 徐汇 区进度：stage=next_page, page=8, collected=238, status=running
2026-04-29 18:15:00 [阶段 1] 徐汇 区进度：stage=next_page, page=10, collected=298, status=running
2026-04-29 18:15:05 [阶段 1] 徐汇 区进度：stage=finished, page=12, collected=301, status=done
2026-04-29 18:15:05 [阶段 1] 徐汇 区完成：保留 301 套（原始 301 套），页数 12, 停止原因 no_matching_rows, 耗时 0.7分钟
2026-04-29 18:15:06 [阶段 1] 重新加载页面，准备抓取普陀区 (6/10)
2026-04-29 18:15:11 [阶段 1] JavaScript 收集器已重置
2026-04-29 18:15:11 [阶段 1] 开始处理 普陀 区 (6/10)
2026-04-29 18:15:11 [阶段 1] 普陀 区进度：stage=prepare_filters, page=0, collected=0, status=running
2026-04-29 18:15:21 [阶段 1] 普陀 区进度：stage=sorting, page=0, collected=0, status=running
2026-04-29 18:15:26 [阶段 1] 普陀 区进度：stage=next_page, page=2, collected=60, status=running
2026-04-29 18:15:31 [阶段 1] 普陀 区进度：stage=next_page, page=4, collected=120, status=running
2026-04-29 18:15:36 [阶段 1] 普陀 区进度：stage=next_page, page=6, collected=180, status=running
2026-04-29 18:15:41 [阶段 1] 普陀 区进度：stage=next_page, page=8, collected=240, status=running
2026-04-29 18:15:46 [阶段 1] 普陀 区进度：stage=finished, page=10, collected=268, status=done
2026-04-29 18:15:46 [阶段 1] 普陀 区完成：保留 268 套（原始 268 套），页数 10, 停止原因 no_matching_rows, 耗时 0.7分钟
2026-04-29 18:15:49 [阶段 1] 重新加载页面，准备抓取闵行区 (7/10)
2026-04-29 18:15:53 [阶段 1] JavaScript 收集器已重置
2026-04-29 18:15:53 [阶段 1] 开始处理 闵行 区 (7/10)
2026-04-29 18:15:53 [阶段 1] 闵行 区进度：stage=prepare_filters, page=0, collected=0, status=running
2026-04-29 18:16:03 [阶段 1] 闵行 区进度：stage=sorting, page=0, collected=0, status=running
2026-04-29 18:16:08 [阶段 1] 闵行 区进度：stage=next_page, page=2, collected=59, status=running
2026-04-29 18:16:13 [阶段 1] 闵行 区进度：stage=next_page, page=4, collected=119, status=running
2026-04-29 18:16:18 [阶段 1] 闵行 区进度：stage=next_page, page=6, collected=179, status=running
2026-04-29 18:16:23 [阶段 1] 闵行 区进度：stage=next_page, page=8, collected=239, status=running
2026-04-29 18:16:28 [阶段 1] 闵行 区进度：stage=next_page, page=10, collected=299, status=running
2026-04-29 18:16:33 [阶段 1] 闵行 区进度：stage=next_page, page=12, collected=344, status=running
2026-04-29 18:16:38 [阶段 1] 闵行 区进度：stage=next_page, page=14, collected=347, status=running
2026-04-29 18:16:43 [阶段 1] 闵行 区进度：stage=finished, page=15, collected=347, status=done
2026-04-29 18:16:43 [阶段 1] 闵行 区完成：保留 347 套（原始 347 套），页数 15, 停止原因 no_matching_rows, 耗时 0.9分钟
2026-04-29 18:16:45 [阶段 1] 重新加载页面，准备抓取虹口区 (8/10)
2026-04-29 18:16:50 [阶段 1] JavaScript 收集器已重置
2026-04-29 18:16:50 [阶段 1] 开始处理 虹口 区 (8/10)
2026-04-29 18:16:50 [阶段 1] 虹口 区进度：stage=prepare_filters, page=0, collected=0, status=running
2026-04-29 18:17:00 [阶段 1] 虹口 区进度：stage=sorting, page=0, collected=0, status=running
2026-04-29 18:17:05 [阶段 1] 虹口 区进度：stage=next_page, page=2, collected=60, status=running
2026-04-29 18:17:10 [阶段 1] 虹口 区进度：stage=next_page, page=4, collected=119, status=running
2026-04-29 18:17:15 [阶段 1] 虹口 区进度：stage=finished, page=6, collected=120, status=done
2026-04-29 18:17:15 [阶段 1] 虹口 区完成：保留 120 套（原始 120 套），页数 6, 停止原因 no_matching_rows, 耗时 0.5分钟
2026-04-29 18:17:16 [阶段 1] 重新加载页面，准备抓取杨浦区 (9/10)
2026-04-29 18:17:21 [阶段 1] JavaScript 收集器已重置
2026-04-29 18:17:21 [阶段 1] 开始处理 杨浦 区 (9/10)
2026-04-29 18:17:21 [阶段 1] 杨浦 区进度：stage=prepare_filters, page=0, collected=0, status=running
2026-04-29 18:17:31 [阶段 1] 杨浦 区进度：stage=sorting, page=0, collected=0, status=running
2026-04-29 18:17:41 [阶段 1] 杨浦 区进度：stage=next_page, page=2, collected=60, status=running
2026-04-29 18:17:46 [阶段 1] 杨浦 区进度：stage=next_page, page=4, collected=120, status=running
2026-04-29 18:17:51 [阶段 1] 杨浦 区进度：stage=next_page, page=6, collected=180, status=running
2026-04-29 18:17:56 [阶段 1] 杨浦 区进度：stage=finished, page=8, collected=190, status=done
2026-04-29 18:17:56 [阶段 1] 杨浦 区完成：保留 190 套（原始 190 套），页数 8, 停止原因 no_matching_rows, 耗时 0.7分钟
2026-04-29 18:17:58 [阶段 1] 重新加载页面，准备抓取嘉定区 (10/10)
2026-04-29 18:18:03 [阶段 1] JavaScript 收集器已重置
2026-04-29 18:18:03 [阶段 1] 开始处理 嘉定 区 (10/10)
2026-04-29 18:18:03 [阶段 1] 嘉定 区进度：stage=prepare_filters, page=0, collected=0, status=running
2026-04-29 18:18:13 [阶段 1] 嘉定 区进度：stage=sorting, page=0, collected=0, status=running
2026-04-29 18:18:18 [阶段 1] 嘉定 区进度：stage=next_page, page=2, collected=37, status=running
2026-04-29 18:18:23 [阶段 1] 嘉定 区进度：stage=next_page, page=4, collected=42, status=running
2026-04-29 18:18:28 [阶段 1] 嘉定 区进度：stage=next_page, page=6, collected=45, status=running
2026-04-29 18:18:33 [阶段 1] 嘉定 区进度：stage=finished, page=7, collected=45, status=done
2026-04-29 18:18:33 [阶段 1] 嘉定 区完成：保留 45 套（原始 45 套），页数 7, 停止原因 no_matching_rows, 耗时 0.6分钟
2026-04-29 18:18:34 [阶段 1] ============================================================
2026-04-29 18:18:34 [阶段 1] 抓取完成，共 2821 套房源
2026-04-29 18:18:34 [阶段 1] 总耗时：8.7分钟
2026-04-29 18:18:34 [阶段 1] 平均总价：1109.7 万
2026-04-29 18:18:34 [阶段 1] 平均房源分：7.10
2026-04-29 18:18:34 [阶段 2] 开始数据校验
2026-04-29 18:18:34 [阶段 2] OK: 校验通过（2821 条）
2026-04-29 18:18:34 [阶段 3] 开始保存数据
2026-04-29 18:18:35 [阶段 3] OK: 成功保存 2821 条数据
2026-04-29 18:18:35 [完成] ============================================================
2026-04-29 18:18:35 [完成] 抓取完成，总计 2821 套房源
2026-04-29 18:18:35 [完成] 数据文件：C:\Users\Huawei\.openclaw\workspace\tools\_house_grab_runtime\data.json
2026-04-29 18:18:37 [控制] 阶段 1 抓取（总控重试 1/2） 返回码：0，耗时 523.4 秒
2026-04-29 18:18:37 [控制] 执行 阶段 2 验证（总控重试 1/1）：第 1/1 次
2026-04-29 18:18:37 [控制] 执行 阶段 2 验证：第 1/1 次
2026-04-29 18:18:37 [阶段 2] ==================================================
2026-04-29 18:18:37 [阶段 2] 开始数据校验
2026-04-29 18:18:37 [阶段 2] 校验通过，共 2821 条
2026-04-29 18:18:37 [控制] 阶段 2 验证 返回码：0，耗时 0.2 秒
2026-04-29 18:18:39 [控制] 进度报告已发送
2026-04-29 18:18:39 [控制] 检查目标 Excel 文件占用：daily_followup.xlsm
2026-04-29 18:18:48 [控制] 执行 阶段 3 写入 Excel：第 1/1 次
2026-04-29 18:18:48 [阶段 3] 写入尝试 1/2
2026-04-29 18:18:48 [阶段 3] 开始离线写入 Excel（使用 win32com，保留宏）
2026-04-29 18:18:48 [阶段 3] 读取到 2821 套房源
2026-04-29 18:18:48 [阶段 3] 🔧 清理可能残留的 Excel 进程...
2026-04-29 18:18:52 [阶段 3] 已备份工作簿：daily_followup.stage3_backup.20260429_181850.xlsm
2026-04-29 18:18:52 [阶段 3] 创建 Excel 实例...
2026-04-29 18:18:53 [阶段 3] 打开工作簿：D:\Unique work form\daily_followup.xlsm
2026-04-29 18:19:01 [阶段 3] 目标工作表：房      源
2026-04-29 18:19:01 [阶段 3] 加载房龄库...
2026-04-29 18:20:07 [阶段 3] 房龄库加载完成：3971 条记录
2026-04-29 18:20:07 [阶段 3] 房龄自动匹配：2677/2821 套
2026-04-29 18:20:07 [阶段 3] 清空旧数据区域：第 4 行到第 9333 行
2026-04-29 18:20:08 [阶段 3] 开始写入新数据...
2026-04-29 18:20:08 [阶段 3] 表头已存在（行政区），跳过表头写入
2026-04-29 18:20:08 [阶段 3] 批量构建写入数据...
2026-04-29 18:20:08 [阶段 3] 批量写入数据到 Excel...
2026-04-29 18:20:14 [阶段 3] 已写入 2821/2821 行
2026-04-29 18:20:14 [阶段 3] 设置筛选范围：A3:N2824
2026-04-29 18:20:14 [阶段 3] 保存工作簿...
2026-04-29 18:20:19 [阶段 3] 数据写入完成，文件已保存
2026-04-29 18:20:19 [阶段 3] 关闭 Excel...
2026-04-29 18:20:20 [阶段 3] ✅ Excel 已正常关闭
2026-04-29 18:20:20 [阶段 3] 保存后校验到 2821 行数据
2026-04-29 18:20:20 [阶段 3] 已跳过宏：区域房龄刷新（该宏会截断房源行数）
2026-04-29 18:20:20 [阶段 3] 🔧 最终清理：强制释放所有 Excel 进程...
2026-04-29 18:20:21 [阶段 3] ✅ 清理完成
2026-04-29 18:20:21 [阶段 3] 写入完成，共 2821 套
2026-04-29 18:20:21 [控制] 阶段 3 写入 Excel 返回码：0，耗时 93.3 秒
2026-04-29 18:20:22 [控制] 刷新团团助手缓存
2026-04-29 18:21:09 [控制] OK: 缓存刷新完成
2026-04-29 18:21:09 [控制] 打开 Excel 并定位到房源表...
2026-04-29 18:21:24 [控制] OK: Excel 已打开并定位到房源表
2026-04-29 18:21:26 [控制] 进度报告已发送
2026-04-29 18:21:27 [控制] Telegram 通知已发送
2026-05-01 08:36:31 [控制] 检查并清理旧进程...
2026-05-01 08:36:31 [控制] 清理旧进程：无旧进程
2026-05-01 08:36:33 [控制] 房源抓取任务启动
2026-05-01 08:36:34 [控制] 执行 阶段 1 抓取（总控重试 1/2）：第 1/1 次
2026-05-01 08:36:35 [阶段 1] ============================================================
2026-05-01 08:36:35 [阶段 1] 开始房源抓取（页面内执行同源 JS 逻辑）
2026-05-01 08:36:35 [阶段 1] 目标 URL: https://house.link.lianjia.com/search/sale/default/gdiv_mt
2026-05-01 08:36:35 [阶段 1] 价格要求：700-10000 万
2026-05-01 08:36:35 [阶段 1] 筛选规则：房源分 >= 6.0 或最近 3 天/小时内
2026-05-01 08:36:35 [阶段 1] 抓取区顺序：浦东、长宁、静安、黄浦、徐汇、普陀、闵行、虹口、杨浦、嘉定
2026-05-01 08:36:35 [阶段 1] 超时保护：整体90分钟，单区15分钟
2026-05-01 08:36:37 [阶段 1] 未检测到调试 Chrome，准备自动启动专用调试窗口
2026-05-01 08:36:40 [阶段 1] 调试启动输出：Starting Chrome with debugger...
Waiting for Chrome debugger port...
DEBUG_PORT_READY:9222
Chrome started successfully on port 9222
2026-05-01 08:36:40 [阶段 1] OK: 调试 Chrome 已启动，复用工作区 ChromeDebugProfile
2026-05-01 08:36:40 [阶段 1] 提示：浏览器窗口已打开，请勿手动关闭
2026-05-01 08:36:40 [阶段 1] 连接 Chrome...
2026-05-01 08:36:40 [阶段 1] 尝试连接 Chrome 调试端口 (尝试 1/3)...
2026-05-01 08:36:42 [阶段 1] Chrome 连接成功
2026-05-01 08:36:42 [阶段 1] OK: Chrome 连接成功
2026-05-01 08:36:42 [阶段 1] 初始化页面（仅加载一次）...
2026-05-01 08:36:42 [阶段 1] 打开页面：https://house.link.lianjia.com/search/sale/default/gdiv_mt
2026-05-01 08:36:45 [阶段 1] 检测到登录页，等待你在专用调试窗口完成扫码登录...
2026-05-01 08:37:19 [阶段 1] Telegram 登录提醒已发送
2026-05-01 08:38:46 [阶段 1] ERROR: 页面在 120 秒内未进入可抓取状态
2026-05-01 08:38:46 [阶段 1] 提示：请在专用调试窗口完成登录后重试
2026-05-01 08:38:48 [控制] 阶段 1 抓取（总控重试 1/2） 返回码：1，耗时 134.0 秒
2026-05-01 08:38:48 [控制] 阶段 1 抓取（总控重试 1/2） 失败，10 秒后整轮重抓
2026-05-01 08:38:58 [控制] 执行 阶段 1 抓取（总控重试 2/2）：第 1/1 次
2026-05-01 08:38:59 [阶段 1] ============================================================
2026-05-01 08:38:59 [阶段 1] 开始房源抓取（页面内执行同源 JS 逻辑）
2026-05-01 08:38:59 [阶段 1] 目标 URL: https://house.link.lianjia.com/search/sale/default/gdiv_mt
2026-05-01 08:38:59 [阶段 1] 价格要求：700-10000 万
2026-05-01 08:38:59 [阶段 1] 筛选规则：房源分 >= 6.0 或最近 3 天/小时内
2026-05-01 08:38:59 [阶段 1] 抓取区顺序：浦东、长宁、静安、黄浦、徐汇、普陀、闵行、虹口、杨浦、嘉定
2026-05-01 08:38:59 [阶段 1] 超时保护：整体90分钟，单区15分钟
2026-05-01 08:38:59 [阶段 1] 连接 Chrome...
2026-05-01 08:38:59 [阶段 1] 尝试连接 Chrome 调试端口 (尝试 1/3)...
2026-05-01 08:39:00 [阶段 1] Chrome 连接成功
2026-05-01 08:39:00 [阶段 1] OK: Chrome 连接成功
2026-05-01 08:39:00 [阶段 1] 初始化页面（仅加载一次）...
2026-05-01 08:39:00 [阶段 1] 打开页面：https://house.link.lianjia.com/search/sale/default/gdiv_mt
2026-05-01 08:39:04 [阶段 1] 检测到登录页，等待你在专用调试窗口完成扫码登录...
2026-05-01 08:39:38 [阶段 1] Telegram 登录提醒已发送
2026-05-01 08:41:05 [阶段 1] ERROR: 页面在 120 秒内未进入可抓取状态
2026-05-01 08:41:05 [阶段 1] 提示：请在专用调试窗口完成登录后重试
2026-05-01 08:41:07 [控制] 阶段 1 抓取（总控重试 2/2） 返回码：1，耗时 128.4 秒
2026-05-01 08:41:08 [控制] Telegram 通知已发送
